TimeKey,DayNumberOfWeek,DayNameOfWeek,DayNumberOfMonth,DayNumberOfYear,WeekNumberOfYear,MonthName,MonthNumberOfYear,CalendarYear,CalendarSemester,SemesterName
1,1,Sunday,1,182,27,July,7,2001,3,Summer
2,2,Monday,2,183,27,July,7,2001,3,Summer
3,3,Tuesday,3,184,27,July,7,2001,3,Summer
4,4,Wednesday,4,185,27,July,7,2001,3,Summer
5,5,Thursday,5,186,27,July,7,2001,3,Summer
6,6,Friday,6,187,27,July,7,2001,3,Summer
7,7,Saturday,7,188,27,July,7,2001,3,Summer
8,1,Sunday,8,189,28,July,7,2001,3,Summer
9,2,Monday,9,190,28,July,7,2001,3,Summer
10,3,Tuesday,10,191,28,July,7,2001,3,Summer
11,4,Wednesday,11,192,28,July,7,2001,3,Summer
12,5,Thursday,12,193,28,July,7,2001,3,Summer
13,6,Friday,13,194,28,July,7,2001,3,Summer
14,7,Saturday,14,195,28,July,7,2001,3,Summer
15,1,Sunday,15,196,29,July,7,2001,3,Summer
16,2,Monday,16,197,29,July,7,2001,3,Summer
17,3,Tuesday,17,198,29,July,7,2001,3,Summer
18,4,Wednesday,18,199,29,July,7,2001,3,Summer
19,5,Thursday,19,200,29,July,7,2001,3,Summer
20,6,Friday,20,201,29,July,7,2001,3,Summer
21,7,Saturday,21,202,29,July,7,2001,3,Summer
22,1,Sunday,22,203,30,July,7,2001,3,Summer
23,2,Monday,23,204,30,July,7,2001,3,Summer
24,3,Tuesday,24,205,30,July,7,2001,3,Summer
25,4,Wednesday,25,206,30,July,7,2001,3,Summer
26,5,Thursday,26,207,30,July,7,2001,3,Summer
27,6,Friday,27,208,30,July,7,2001,3,Summer
28,7,Saturday,28,209,30,July,7,2001,3,Summer
29,1,Sunday,29,210,31,July,7,2001,3,Summer
30,2,Monday,30,211,31,July,7,2001,3,Summer
31,3,Tuesday,31,212,31,July,7,2001,3,Summer
32,4,Wednesday,1,213,31,August,8,2001,3,Summer
33,5,Thursday,2,214,31,August,8,2001,3,Summer
34,6,Friday,3,215,31,August,8,2001,3,Summer
35,7,Saturday,4,216,31,August,8,2001,3,Summer
36,1,Sunday,5,217,32,August,8,2001,3,Summer
37,2,Monday,6,218,32,August,8,2001,3,Summer
38,3,Tuesday,7,219,32,August,8,2001,3,Summer
39,4,Wednesday,8,220,32,August,8,2001,3,Summer
40,5,Thursday,9,221,32,August,8,2001,3,Summer
41,6,Friday,10,222,32,August,8,2001,3,Summer
42,7,Saturday,11,223,32,August,8,2001,3,Summer
43,1,Sunday,12,224,33,August,8,2001,3,Summer
44,2,Monday,13,225,33,August,8,2001,3,Summer
45,3,Tuesday,14,226,33,August,8,2001,3,Summer
46,4,Wednesday,15,227,33,August,8,2001,3,Summer
47,5,Thursday,16,228,33,August,8,2001,3,Summer
48,6,Friday,17,229,33,August,8,2001,3,Summer
49,7,Saturday,18,230,33,August,8,2001,3,Summer
50,1,Sunday,19,231,34,August,8,2001,3,Summer
51,2,Monday,20,232,34,August,8,2001,3,Summer
52,3,Tuesday,21,233,34,August,8,2001,3,Summer
53,4,Wednesday,22,234,34,August,8,2001,3,Summer
54,5,Thursday,23,235,34,August,8,2001,3,Summer
55,6,Friday,24,236,34,August,8,2001,3,Summer
56,7,Saturday,25,237,34,August,8,2001,3,Summer
57,1,Sunday,26,238,35,August,8,2001,3,Summer
58,2,Monday,27,239,35,August,8,2001,3,Summer
59,3,Tuesday,28,240,35,August,8,2001,3,Summer
60,4,Wednesday,29,241,35,August,8,2001,3,Summer
61,5,Thursday,30,242,35,August,8,2001,3,Summer
62,6,Friday,31,243,35,August,8,2001,3,Summer
63,7,Saturday,1,244,35,September,9,2001,1,Fall
64,1,Sunday,2,245,36,September,9,2001,1,Fall
65,2,Monday,3,246,36,September,9,2001,1,Fall
66,3,Tuesday,4,247,36,September,9,2001,1,Fall
67,4,Wednesday,5,248,36,September,9,2001,1,Fall
68,5,Thursday,6,249,36,September,9,2001,1,Fall
69,6,Friday,7,250,36,September,9,2001,1,Fall
70,7,Saturday,8,251,36,September,9,2001,1,Fall
71,1,Sunday,9,252,37,September,9,2001,1,Fall
72,2,Monday,10,253,37,September,9,2001,1,Fall
73,3,Tuesday,11,254,37,September,9,2001,1,Fall
74,4,Wednesday,12,255,37,September,9,2001,1,Fall
75,5,Thursday,13,256,37,September,9,2001,1,Fall
76,6,Friday,14,257,37,September,9,2001,1,Fall
77,7,Saturday,15,258,37,September,9,2001,1,Fall
78,1,Sunday,16,259,38,September,9,2001,1,Fall
79,2,Monday,17,260,38,September,9,2001,1,Fall
80,3,Tuesday,18,261,38,September,9,2001,1,Fall
81,4,Wednesday,19,262,38,September,9,2001,1,Fall
82,5,Thursday,20,263,38,September,9,2001,1,Fall
83,6,Friday,21,264,38,September,9,2001,1,Fall
84,7,Saturday,22,265,38,September,9,2001,1,Fall
85,1,Sunday,23,266,39,September,9,2001,1,Fall
86,2,Monday,24,267,39,September,9,2001,1,Fall
87,3,Tuesday,25,268,39,September,9,2001,1,Fall
88,4,Wednesday,26,269,39,September,9,2001,1,Fall
89,5,Thursday,27,270,39,September,9,2001,1,Fall
90,6,Friday,28,271,39,September,9,2001,1,Fall
91,7,Saturday,29,272,39,September,9,2001,1,Fall
92,1,Sunday,30,273,40,September,9,2001,1,Fall
93,2,Monday,1,274,40,October,10,2001,1,Fall
94,3,Tuesday,2,275,40,October,10,2001,1,Fall
95,4,Wednesday,3,276,40,October,10,2001,1,Fall
96,5,Thursday,4,277,40,October,10,2001,1,Fall
97,6,Friday,5,278,40,October,10,2001,1,Fall
98,7,Saturday,6,279,40,October,10,2001,1,Fall
99,1,Sunday,7,280,41,October,10,2001,1,Fall
100,2,Monday,8,281,41,October,10,2001,1,Fall
101,3,Tuesday,9,282,41,October,10,2001,1,Fall
102,4,Wednesday,10,283,41,October,10,2001,1,Fall
103,5,Thursday,11,284,41,October,10,2001,1,Fall
104,6,Friday,12,285,41,October,10,2001,1,Fall
105,7,Saturday,13,286,41,October,10,2001,1,Fall
106,1,Sunday,14,287,42,October,10,2001,1,Fall
107,2,Monday,15,288,42,October,10,2001,1,Fall
108,3,Tuesday,16,289,42,October,10,2001,1,Fall
109,4,Wednesday,17,290,42,October,10,2001,1,Fall
110,5,Thursday,18,291,42,October,10,2001,1,Fall
111,6,Friday,19,292,42,October,10,2001,1,Fall
112,7,Saturday,20,293,42,October,10,2001,1,Fall
113,1,Sunday,21,294,43,October,10,2001,1,Fall
114,2,Monday,22,295,43,October,10,2001,1,Fall
115,3,Tuesday,23,296,43,October,10,2001,1,Fall
116,4,Wednesday,24,297,43,October,10,2001,1,Fall
117,5,Thursday,25,298,43,October,10,2001,1,Fall
118,6,Friday,26,299,43,October,10,2001,1,Fall
119,7,Saturday,27,300,43,October,10,2001,1,Fall
120,1,Sunday,28,301,44,October,10,2001,1,Fall
121,2,Monday,29,302,44,October,10,2001,1,Fall
122,3,Tuesday,30,303,44,October,10,2001,1,Fall
123,4,Wednesday,31,304,44,October,10,2001,1,Fall
124,5,Thursday,1,305,44,November,11,2001,1,Fall
125,6,Friday,2,306,44,November,11,2001,1,Fall
126,7,Saturday,3,307,44,November,11,2001,1,Fall
127,1,Sunday,4,308,45,November,11,2001,1,Fall
128,2,Monday,5,309,45,November,11,2001,1,Fall
129,3,Tuesday,6,310,45,November,11,2001,1,Fall
130,4,Wednesday,7,311,45,November,11,2001,1,Fall
131,5,Thursday,8,312,45,November,11,2001,1,Fall
132,6,Friday,9,313,45,November,11,2001,1,Fall
133,7,Saturday,10,314,45,November,11,2001,1,Fall
134,1,Sunday,11,315,46,November,11,2001,1,Fall
135,2,Monday,12,316,46,November,11,2001,1,Fall
136,3,Tuesday,13,317,46,November,11,2001,1,Fall
137,4,Wednesday,14,318,46,November,11,2001,1,Fall
138,5,Thursday,15,319,46,November,11,2001,1,Fall
139,6,Friday,16,320,46,November,11,2001,1,Fall
140,7,Saturday,17,321,46,November,11,2001,1,Fall
141,1,Sunday,18,322,47,November,11,2001,1,Fall
142,2,Monday,19,323,47,November,11,2001,1,Fall
143,3,Tuesday,20,324,47,November,11,2001,1,Fall
144,4,Wednesday,21,325,47,November,11,2001,1,Fall
145,5,Thursday,22,326,47,November,11,2001,1,Fall
146,6,Friday,23,327,47,November,11,2001,1,Fall
147,7,Saturday,24,328,47,November,11,2001,1,Fall
148,1,Sunday,25,329,48,November,11,2001,1,Fall
149,2,Monday,26,330,48,November,11,2001,1,Fall
150,3,Tuesday,27,331,48,November,11,2001,1,Fall
151,4,Wednesday,28,332,48,November,11,2001,1,Fall
152,5,Thursday,29,333,48,November,11,2001,1,Fall
153,6,Friday,30,334,48,November,11,2001,1,Fall
154,7,Saturday,1,335,48,December,12,2001,1,Fall
155,1,Sunday,2,336,49,December,12,2001,1,Fall
156,2,Monday,3,337,49,December,12,2001,1,Fall
157,3,Tuesday,4,338,49,December,12,2001,1,Fall
158,4,Wednesday,5,339,49,December,12,2001,1,Fall
159,5,Thursday,6,340,49,December,12,2001,1,Fall
160,6,Friday,7,341,49,December,12,2001,1,Fall
161,7,Saturday,8,342,49,December,12,2001,1,Fall
162,1,Sunday,9,343,50,December,12,2001,1,Fall
163,2,Monday,10,344,50,December,12,2001,1,Fall
164,3,Tuesday,11,345,50,December,12,2001,1,Fall
165,4,Wednesday,12,346,50,December,12,2001,1,Fall
166,5,Thursday,13,347,50,December,12,2001,1,Fall
167,6,Friday,14,348,50,December,12,2001,1,Fall
168,7,Saturday,15,349,50,December,12,2001,1,Fall
169,1,Sunday,16,350,51,December,12,2001,1,Fall
170,2,Monday,17,351,51,December,12,2001,1,Fall
171,3,Tuesday,18,352,51,December,12,2001,1,Fall
172,4,Wednesday,19,353,51,December,12,2001,1,Fall
173,5,Thursday,20,354,51,December,12,2001,1,Fall
174,6,Friday,21,355,51,December,12,2001,1,Fall
175,7,Saturday,22,356,51,December,12,2001,1,Fall
176,1,Sunday,23,357,52,December,12,2001,1,Fall
177,2,Monday,24,358,52,December,12,2001,1,Fall
178,3,Tuesday,25,359,52,December,12,2001,1,Fall
179,4,Wednesday,26,360,52,December,12,2001,1,Fall
180,5,Thursday,27,361,52,December,12,2001,1,Fall
181,6,Friday,28,362,52,December,12,2001,1,Fall
182,7,Saturday,29,363,52,December,12,2001,1,Fall
183,1,Sunday,30,364,53,December,12,2001,1,Fall
184,2,Monday,31,365,53,December,12,2001,1,Fall
185,3,Tuesday,1,1,1,January,1,2002,2,Spring
186,4,Wednesday,2,2,1,January,1,2002,2,Spring
187,5,Thursday,3,3,1,January,1,2002,2,Spring
188,6,Friday,4,4,1,January,1,2002,2,Spring
189,7,Saturday,5,5,1,January,1,2002,2,Spring
190,1,Sunday,6,6,2,January,1,2002,2,Spring
191,2,Monday,7,7,2,January,1,2002,2,Spring
192,3,Tuesday,8,8,2,January,1,2002,2,Spring
193,4,Wednesday,9,9,2,January,1,2002,2,Spring
194,5,Thursday,10,10,2,January,1,2002,2,Spring
195,6,Friday,11,11,2,January,1,2002,2,Spring
196,7,Saturday,12,12,2,January,1,2002,2,Spring
197,1,Sunday,13,13,3,January,1,2002,2,Spring
198,2,Monday,14,14,3,January,1,2002,2,Spring
199,3,Tuesday,15,15,3,January,1,2002,2,Spring
200,4,Wednesday,16,16,3,January,1,2002,2,Spring
201,5,Thursday,17,17,3,January,1,2002,2,Spring
202,6,Friday,18,18,3,January,1,2002,2,Spring
203,7,Saturday,19,19,3,January,1,2002,2,Spring
204,1,Sunday,20,20,4,January,1,2002,2,Spring
205,2,Monday,21,21,4,January,1,2002,2,Spring
206,3,Tuesday,22,22,4,January,1,2002,2,Spring
207,4,Wednesday,23,23,4,January,1,2002,2,Spring
208,5,Thursday,24,24,4,January,1,2002,2,Spring
209,6,Friday,25,25,4,January,1,2002,2,Spring
210,7,Saturday,26,26,4,January,1,2002,2,Spring
211,1,Sunday,27,27,5,January,1,2002,2,Spring
212,2,Monday,28,28,5,January,1,2002,2,Spring
213,3,Tuesday,29,29,5,January,1,2002,2,Spring
214,4,Wednesday,30,30,5,January,1,2002,2,Spring
215,5,Thursday,31,31,5,January,1,2002,2,Spring
216,6,Friday,1,32,5,February,2,2002,2,Spring
217,7,Saturday,2,33,5,February,2,2002,2,Spring
218,1,Sunday,3,34,6,February,2,2002,2,Spring
219,2,Monday,4,35,6,February,2,2002,2,Spring
220,3,Tuesday,5,36,6,February,2,2002,2,Spring
221,4,Wednesday,6,37,6,February,2,2002,2,Spring
222,5,Thursday,7,38,6,February,2,2002,2,Spring
223,6,Friday,8,39,6,February,2,2002,2,Spring
224,7,Saturday,9,40,6,February,2,2002,2,Spring
225,1,Sunday,10,41,7,February,2,2002,2,Spring
226,2,Monday,11,42,7,February,2,2002,2,Spring
227,3,Tuesday,12,43,7,February,2,2002,2,Spring
228,4,Wednesday,13,44,7,February,2,2002,2,Spring
229,5,Thursday,14,45,7,February,2,2002,2,Spring
230,6,Friday,15,46,7,February,2,2002,2,Spring
231,7,Saturday,16,47,7,February,2,2002,2,Spring
232,1,Sunday,17,48,8,February,2,2002,2,Spring
233,2,Monday,18,49,8,February,2,2002,2,Spring
234,3,Tuesday,19,50,8,February,2,2002,2,Spring
235,4,Wednesday,20,51,8,February,2,2002,2,Spring
236,5,Thursday,21,52,8,February,2,2002,2,Spring
237,6,Friday,22,53,8,February,2,2002,2,Spring
238,7,Saturday,23,54,8,February,2,2002,2,Spring
239,1,Sunday,24,55,9,February,2,2002,2,Spring
240,2,Monday,25,56,9,February,2,2002,2,Spring
241,3,Tuesday,26,57,9,February,2,2002,2,Spring
242,4,Wednesday,27,58,9,February,2,2002,2,Spring
243,5,Thursday,28,59,9,February,2,2002,2,Spring
244,6,Friday,1,60,9,March,3,2002,2,Spring
245,7,Saturday,2,61,9,March,3,2002,2,Spring
246,1,Sunday,3,62,10,March,3,2002,2,Spring
247,2,Monday,4,63,10,March,3,2002,2,Spring
248,3,Tuesday,5,64,10,March,3,2002,2,Spring
249,4,Wednesday,6,65,10,March,3,2002,2,Spring
250,5,Thursday,7,66,10,March,3,2002,2,Spring
251,6,Friday,8,67,10,March,3,2002,2,Spring
252,7,Saturday,9,68,10,March,3,2002,2,Spring
253,1,Sunday,10,69,11,March,3,2002,2,Spring
254,2,Monday,11,70,11,March,3,2002,2,Spring
255,3,Tuesday,12,71,11,March,3,2002,2,Spring
256,4,Wednesday,13,72,11,March,3,2002,2,Spring
257,5,Thursday,14,73,11,March,3,2002,2,Spring
258,6,Friday,15,74,11,March,3,2002,2,Spring
259,7,Saturday,16,75,11,March,3,2002,2,Spring
260,1,Sunday,17,76,12,March,3,2002,2,Spring
261,2,Monday,18,77,12,March,3,2002,2,Spring
262,3,Tuesday,19,78,12,March,3,2002,2,Spring
263,4,Wednesday,20,79,12,March,3,2002,2,Spring
264,5,Thursday,21,80,12,March,3,2002,2,Spring
265,6,Friday,22,81,12,March,3,2002,2,Spring
266,7,Saturday,23,82,12,March,3,2002,2,Spring
267,1,Sunday,24,83,13,March,3,2002,2,Spring
268,2,Monday,25,84,13,March,3,2002,2,Spring
269,3,Tuesday,26,85,13,March,3,2002,2,Spring
270,4,Wednesday,27,86,13,March,3,2002,2,Spring
271,5,Thursday,28,87,13,March,3,2002,2,Spring
272,6,Friday,29,88,13,March,3,2002,2,Spring
273,7,Saturday,30,89,13,March,3,2002,2,Spring
274,1,Sunday,31,90,14,March,3,2002,2,Spring
275,2,Monday,1,91,14,April,4,2002,2,Spring
276,3,Tuesday,2,92,14,April,4,2002,2,Spring
277,4,Wednesday,3,93,14,April,4,2002,2,Spring
278,5,Thursday,4,94,14,April,4,2002,2,Spring
279,6,Friday,5,95,14,April,4,2002,2,Spring
280,7,Saturday,6,96,14,April,4,2002,2,Spring
281,1,Sunday,7,97,15,April,4,2002,2,Spring
282,2,Monday,8,98,15,April,4,2002,2,Spring
283,3,Tuesday,9,99,15,April,4,2002,2,Spring
284,4,Wednesday,10,100,15,April,4,2002,2,Spring
285,5,Thursday,11,101,15,April,4,2002,2,Spring
286,6,Friday,12,102,15,April,4,2002,2,Spring
287,7,Saturday,13,103,15,April,4,2002,2,Spring
288,1,Sunday,14,104,16,April,4,2002,2,Spring
289,2,Monday,15,105,16,April,4,2002,2,Spring
290,3,Tuesday,16,106,16,April,4,2002,2,Spring
291,4,Wednesday,17,107,16,April,4,2002,2,Spring
292,5,Thursday,18,108,16,April,4,2002,2,Spring
293,6,Friday,19,109,16,April,4,2002,2,Spring
294,7,Saturday,20,110,16,April,4,2002,2,Spring
295,1,Sunday,21,111,17,April,4,2002,2,Spring
296,2,Monday,22,112,17,April,4,2002,2,Spring
297,3,Tuesday,23,113,17,April,4,2002,2,Spring
298,4,Wednesday,24,114,17,April,4,2002,2,Spring
299,5,Thursday,25,115,17,April,4,2002,2,Spring
300,6,Friday,26,116,17,April,4,2002,2,Spring
301,7,Saturday,27,117,17,April,4,2002,2,Spring
302,1,Sunday,28,118,18,April,4,2002,2,Spring
303,2,Monday,29,119,18,April,4,2002,2,Spring
304,3,Tuesday,30,120,18,April,4,2002,2,Spring
305,4,Wednesday,1,121,18,May,5,2002,2,Spring
306,5,Thursday,2,122,18,May,5,2002,2,Spring
307,6,Friday,3,123,18,May,5,2002,2,Spring
308,7,Saturday,4,124,18,May,5,2002,2,Spring
309,1,Sunday,5,125,19,May,5,2002,2,Spring
310,2,Monday,6,126,19,May,5,2002,2,Spring
311,3,Tuesday,7,127,19,May,5,2002,2,Spring
312,4,Wednesday,8,128,19,May,5,2002,2,Spring
313,5,Thursday,9,129,19,May,5,2002,2,Spring
314,6,Friday,10,130,19,May,5,2002,2,Spring
315,7,Saturday,11,131,19,May,5,2002,2,Spring
316,1,Sunday,12,132,20,May,5,2002,2,Spring
317,2,Monday,13,133,20,May,5,2002,2,Spring
318,3,Tuesday,14,134,20,May,5,2002,2,Spring
319,4,Wednesday,15,135,20,May,5,2002,2,Spring
320,5,Thursday,16,136,20,May,5,2002,2,Spring
321,6,Friday,17,137,20,May,5,2002,2,Spring
322,7,Saturday,18,138,20,May,5,2002,2,Spring
323,1,Sunday,19,139,21,May,5,2002,2,Spring
324,2,Monday,20,140,21,May,5,2002,2,Spring
325,3,Tuesday,21,141,21,May,5,2002,2,Spring
326,4,Wednesday,22,142,21,May,5,2002,2,Spring
327,5,Thursday,23,143,21,May,5,2002,2,Spring
328,6,Friday,24,144,21,May,5,2002,2,Spring
329,7,Saturday,25,145,21,May,5,2002,2,Spring
330,1,Sunday,26,146,22,May,5,2002,2,Spring
331,2,Monday,27,147,22,May,5,2002,2,Spring
332,3,Tuesday,28,148,22,May,5,2002,2,Spring
333,4,Wednesday,29,149,22,May,5,2002,2,Spring
334,5,Thursday,30,150,22,May,5,2002,2,Spring
335,6,Friday,31,151,22,May,5,2002,2,Spring
336,7,Saturday,1,152,22,June,6,2002,3,Summer
337,1,Sunday,2,153,23,June,6,2002,3,Summer
338,2,Monday,3,154,23,June,6,2002,3,Summer
339,3,Tuesday,4,155,23,June,6,2002,3,Summer
340,4,Wednesday,5,156,23,June,6,2002,3,Summer
341,5,Thursday,6,157,23,June,6,2002,3,Summer
342,6,Friday,7,158,23,June,6,2002,3,Summer
343,7,Saturday,8,159,23,June,6,2002,3,Summer
344,1,Sunday,9,160,24,June,6,2002,3,Summer
345,2,Monday,10,161,24,June,6,2002,3,Summer
346,3,Tuesday,11,162,24,June,6,2002,3,Summer
347,4,Wednesday,12,163,24,June,6,2002,3,Summer
348,5,Thursday,13,164,24,June,6,2002,3,Summer
349,6,Friday,14,165,24,June,6,2002,3,Summer
350,7,Saturday,15,166,24,June,6,2002,3,Summer
351,1,Sunday,16,167,25,June,6,2002,3,Summer
352,2,Monday,17,168,25,June,6,2002,3,Summer
353,3,Tuesday,18,169,25,June,6,2002,3,Summer
354,4,Wednesday,19,170,25,June,6,2002,3,Summer
355,5,Thursday,20,171,25,June,6,2002,3,Summer
356,6,Friday,21,172,25,June,6,2002,3,Summer
357,7,Saturday,22,173,25,June,6,2002,3,Summer
358,1,Sunday,23,174,26,June,6,2002,3,Summer
359,2,Monday,24,175,26,June,6,2002,3,Summer
360,3,Tuesday,25,176,26,June,6,2002,3,Summer
361,4,Wednesday,26,177,26,June,6,2002,3,Summer
362,5,Thursday,27,178,26,June,6,2002,3,Summer
363,6,Friday,28,179,26,June,6,2002,3,Summer
364,7,Saturday,29,180,26,June,6,2002,3,Summer
365,1,Sunday,30,181,27,June,6,2002,3,Summer
366,2,Monday,1,182,27,July,7,2002,3,Summer
367,3,Tuesday,2,183,27,July,7,2002,3,Summer
368,4,Wednesday,3,184,27,July,7,2002,3,Summer
369,5,Thursday,4,185,27,July,7,2002,3,Summer
370,6,Friday,5,186,27,July,7,2002,3,Summer
371,7,Saturday,6,187,27,July,7,2002,3,Summer
372,1,Sunday,7,188,28,July,7,2002,3,Summer
373,2,Monday,8,189,28,July,7,2002,3,Summer
374,3,Tuesday,9,190,28,July,7,2002,3,Summer
375,4,Wednesday,10,191,28,July,7,2002,3,Summer
376,5,Thursday,11,192,28,July,7,2002,3,Summer
377,6,Friday,12,193,28,July,7,2002,3,Summer
378,7,Saturday,13,194,28,July,7,2002,3,Summer
379,1,Sunday,14,195,29,July,7,2002,3,Summer
380,2,Monday,15,196,29,July,7,2002,3,Summer
381,3,Tuesday,16,197,29,July,7,2002,3,Summer
382,4,Wednesday,17,198,29,July,7,2002,3,Summer
383,5,Thursday,18,199,29,July,7,2002,3,Summer
384,6,Friday,19,200,29,July,7,2002,3,Summer
385,7,Saturday,20,201,29,July,7,2002,3,Summer
386,1,Sunday,21,202,30,July,7,2002,3,Summer
387,2,Monday,22,203,30,July,7,2002,3,Summer
388,3,Tuesday,23,204,30,July,7,2002,3,Summer
389,4,Wednesday,24,205,30,July,7,2002,3,Summer
390,5,Thursday,25,206,30,July,7,2002,3,Summer
391,6,Friday,26,207,30,July,7,2002,3,Summer
392,7,Saturday,27,208,30,July,7,2002,3,Summer
393,1,Sunday,28,209,31,July,7,2002,3,Summer
394,2,Monday,29,210,31,July,7,2002,3,Summer
395,3,Tuesday,30,211,31,July,7,2002,3,Summer
396,4,Wednesday,31,212,31,July,7,2002,3,Summer
397,5,Thursday,1,213,31,August,8,2002,3,Summer
398,6,Friday,2,214,31,August,8,2002,3,Summer
399,7,Saturday,3,215,31,August,8,2002,3,Summer
400,1,Sunday,4,216,32,August,8,2002,3,Summer
401,2,Monday,5,217,32,August,8,2002,3,Summer
402,3,Tuesday,6,218,32,August,8,2002,3,Summer
403,4,Wednesday,7,219,32,August,8,2002,3,Summer
404,5,Thursday,8,220,32,August,8,2002,3,Summer
405,6,Friday,9,221,32,August,8,2002,3,Summer
406,7,Saturday,10,222,32,August,8,2002,3,Summer
407,1,Sunday,11,223,33,August,8,2002,3,Summer
408,2,Monday,12,224,33,August,8,2002,3,Summer
409,3,Tuesday,13,225,33,August,8,2002,3,Summer
410,4,Wednesday,14,226,33,August,8,2002,3,Summer
411,5,Thursday,15,227,33,August,8,2002,3,Summer
412,6,Friday,16,228,33,August,8,2002,3,Summer
413,7,Saturday,17,229,33,August,8,2002,3,Summer
414,1,Sunday,18,230,34,August,8,2002,3,Summer
415,2,Monday,19,231,34,August,8,2002,3,Summer
416,3,Tuesday,20,232,34,August,8,2002,3,Summer
417,4,Wednesday,21,233,34,August,8,2002,3,Summer
418,5,Thursday,22,234,34,August,8,2002,3,Summer
419,6,Friday,23,235,34,August,8,2002,3,Summer
420,7,Saturday,24,236,34,August,8,2002,3,Summer
421,1,Sunday,25,237,35,August,8,2002,3,Summer
422,2,Monday,26,238,35,August,8,2002,3,Summer
423,3,Tuesday,27,239,35,August,8,2002,3,Summer
424,4,Wednesday,28,240,35,August,8,2002,3,Summer
425,5,Thursday,29,241,35,August,8,2002,3,Summer
426,6,Friday,30,242,35,August,8,2002,3,Summer
427,7,Saturday,31,243,35,August,8,2002,3,Summer
428,1,Sunday,1,244,36,September,9,2002,1,Fall
429,2,Monday,2,245,36,September,9,2002,1,Fall
430,3,Tuesday,3,246,36,September,9,2002,1,Fall
431,4,Wednesday,4,247,36,September,9,2002,1,Fall
432,5,Thursday,5,248,36,September,9,2002,1,Fall
433,6,Friday,6,249,36,September,9,2002,1,Fall
434,7,Saturday,7,250,36,September,9,2002,1,Fall
435,1,Sunday,8,251,37,September,9,2002,1,Fall
436,2,Monday,9,252,37,September,9,2002,1,Fall
437,3,Tuesday,10,253,37,September,9,2002,1,Fall
438,4,Wednesday,11,254,37,September,9,2002,1,Fall
439,5,Thursday,12,255,37,September,9,2002,1,Fall
440,6,Friday,13,256,37,September,9,2002,1,Fall
441,7,Saturday,14,257,37,September,9,2002,1,Fall
442,1,Sunday,15,258,38,September,9,2002,1,Fall
443,2,Monday,16,259,38,September,9,2002,1,Fall
444,3,Tuesday,17,260,38,September,9,2002,1,Fall
445,4,Wednesday,18,261,38,September,9,2002,1,Fall
446,5,Thursday,19,262,38,September,9,2002,1,Fall
447,6,Friday,20,263,38,September,9,2002,1,Fall
448,7,Saturday,21,264,38,September,9,2002,1,Fall
449,1,Sunday,22,265,39,September,9,2002,1,Fall
450,2,Monday,23,266,39,September,9,2002,1,Fall
451,3,Tuesday,24,267,39,September,9,2002,1,Fall
452,4,Wednesday,25,268,39,September,9,2002,1,Fall
453,5,Thursday,26,269,39,September,9,2002,1,Fall
454,6,Friday,27,270,39,September,9,2002,1,Fall
455,7,Saturday,28,271,39,September,9,2002,1,Fall
456,1,Sunday,29,272,40,September,9,2002,1,Fall
457,2,Monday,30,273,40,September,9,2002,1,Fall
458,3,Tuesday,1,274,40,October,10,2002,1,Fall
459,4,Wednesday,2,275,40,October,10,2002,1,Fall
460,5,Thursday,3,276,40,October,10,2002,1,Fall
461,6,Friday,4,277,40,October,10,2002,1,Fall
462,7,Saturday,5,278,40,October,10,2002,1,Fall
463,1,Sunday,6,279,41,October,10,2002,1,Fall
464,2,Monday,7,280,41,October,10,2002,1,Fall
465,3,Tuesday,8,281,41,October,10,2002,1,Fall
466,4,Wednesday,9,282,41,October,10,2002,1,Fall
467,5,Thursday,10,283,41,October,10,2002,1,Fall
468,6,Friday,11,284,41,October,10,2002,1,Fall
469,7,Saturday,12,285,41,October,10,2002,1,Fall
470,1,Sunday,13,286,42,October,10,2002,1,Fall
471,2,Monday,14,287,42,October,10,2002,1,Fall
472,3,Tuesday,15,288,42,October,10,2002,1,Fall
473,4,Wednesday,16,289,42,October,10,2002,1,Fall
474,5,Thursday,17,290,42,October,10,2002,1,Fall
475,6,Friday,18,291,42,October,10,2002,1,Fall
476,7,Saturday,19,292,42,October,10,2002,1,Fall
477,1,Sunday,20,293,43,October,10,2002,1,Fall
478,2,Monday,21,294,43,October,10,2002,1,Fall
479,3,Tuesday,22,295,43,October,10,2002,1,Fall
480,4,Wednesday,23,296,43,October,10,2002,1,Fall
481,5,Thursday,24,297,43,October,10,2002,1,Fall
482,6,Friday,25,298,43,October,10,2002,1,Fall
483,7,Saturday,26,299,43,October,10,2002,1,Fall
484,1,Sunday,27,300,44,October,10,2002,1,Fall
485,2,Monday,28,301,44,October,10,2002,1,Fall
486,3,Tuesday,29,302,44,October,10,2002,1,Fall
487,4,Wednesday,30,303,44,October,10,2002,1,Fall
488,5,Thursday,31,304,44,October,10,2002,1,Fall
489,6,Friday,1,305,44,November,11,2002,1,Fall
490,7,Saturday,2,306,44,November,11,2002,1,Fall
491,1,Sunday,3,307,45,November,11,2002,1,Fall
492,2,Monday,4,308,45,November,11,2002,1,Fall
493,3,Tuesday,5,309,45,November,11,2002,1,Fall
494,4,Wednesday,6,310,45,November,11,2002,1,Fall
495,5,Thursday,7,311,45,November,11,2002,1,Fall
496,6,Friday,8,312,45,November,11,2002,1,Fall
497,7,Saturday,9,313,45,November,11,2002,1,Fall
498,1,Sunday,10,314,46,November,11,2002,1,Fall
499,2,Monday,11,315,46,November,11,2002,1,Fall
500,3,Tuesday,12,316,46,November,11,2002,1,Fall
501,4,Wednesday,13,317,46,November,11,2002,1,Fall
502,5,Thursday,14,318,46,November,11,2002,1,Fall
503,6,Friday,15,319,46,November,11,2002,1,Fall
504,7,Saturday,16,320,46,November,11,2002,1,Fall
505,1,Sunday,17,321,47,November,11,2002,1,Fall
506,2,Monday,18,322,47,November,11,2002,1,Fall
507,3,Tuesday,19,323,47,November,11,2002,1,Fall
508,4,Wednesday,20,324,47,November,11,2002,1,Fall
509,5,Thursday,21,325,47,November,11,2002,1,Fall
510,6,Friday,22,326,47,November,11,2002,1,Fall
511,7,Saturday,23,327,47,November,11,2002,1,Fall
512,1,Sunday,24,328,48,November,11,2002,1,Fall
513,2,Monday,25,329,48,November,11,2002,1,Fall
514,3,Tuesday,26,330,48,November,11,2002,1,Fall
515,4,Wednesday,27,331,48,November,11,2002,1,Fall
516,5,Thursday,28,332,48,November,11,2002,1,Fall
517,6,Friday,29,333,48,November,11,2002,1,Fall
518,7,Saturday,30,334,48,November,11,2002,1,Fall
519,1,Sunday,1,335,49,December,12,2002,1,Fall
520,2,Monday,2,336,49,December,12,2002,1,Fall
521,3,Tuesday,3,337,49,December,12,2002,1,Fall
522,4,Wednesday,4,338,49,December,12,2002,1,Fall
523,5,Thursday,5,339,49,December,12,2002,1,Fall
524,6,Friday,6,340,49,December,12,2002,1,Fall
525,7,Saturday,7,341,49,December,12,2002,1,Fall
526,1,Sunday,8,342,50,December,12,2002,1,Fall
527,2,Monday,9,343,50,December,12,2002,1,Fall
528,3,Tuesday,10,344,50,December,12,2002,1,Fall
529,4,Wednesday,11,345,50,December,12,2002,1,Fall
530,5,Thursday,12,346,50,December,12,2002,1,Fall
531,6,Friday,13,347,50,December,12,2002,1,Fall
532,7,Saturday,14,348,50,December,12,2002,1,Fall
533,1,Sunday,15,349,51,December,12,2002,1,Fall
534,2,Monday,16,350,51,December,12,2002,1,Fall
535,3,Tuesday,17,351,51,December,12,2002,1,Fall
536,4,Wednesday,18,352,51,December,12,2002,1,Fall
537,5,Thursday,19,353,51,December,12,2002,1,Fall
538,6,Friday,20,354,51,December,12,2002,1,Fall
539,7,Saturday,21,355,51,December,12,2002,1,Fall
540,1,Sunday,22,356,52,December,12,2002,1,Fall
541,2,Monday,23,357,52,December,12,2002,1,Fall
542,3,Tuesday,24,358,52,December,12,2002,1,Fall
543,4,Wednesday,25,359,52,December,12,2002,1,Fall
544,5,Thursday,26,360,52,December,12,2002,1,Fall
545,6,Friday,27,361,52,December,12,2002,1,Fall
546,7,Saturday,28,362,52,December,12,2002,1,Fall
547,1,Sunday,29,363,53,December,12,2002,1,Fall
548,2,Monday,30,364,53,December,12,2002,1,Fall
549,3,Tuesday,31,365,53,December,12,2002,1,Fall
550,4,Wednesday,1,1,1,January,1,2003,2,Spring
551,5,Thursday,2,2,1,January,1,2003,2,Spring
552,6,Friday,3,3,1,January,1,2003,2,Spring
553,7,Saturday,4,4,1,January,1,2003,2,Spring
554,1,Sunday,5,5,2,January,1,2003,2,Spring
555,2,Monday,6,6,2,January,1,2003,2,Spring
556,3,Tuesday,7,7,2,January,1,2003,2,Spring
557,4,Wednesday,8,8,2,January,1,2003,2,Spring
558,5,Thursday,9,9,2,January,1,2003,2,Spring
559,6,Friday,10,10,2,January,1,2003,2,Spring
560,7,Saturday,11,11,2,January,1,2003,2,Spring
561,1,Sunday,12,12,3,January,1,2003,2,Spring
562,2,Monday,13,13,3,January,1,2003,2,Spring
563,3,Tuesday,14,14,3,January,1,2003,2,Spring
564,4,Wednesday,15,15,3,January,1,2003,2,Spring
565,5,Thursday,16,16,3,January,1,2003,2,Spring
566,6,Friday,17,17,3,January,1,2003,2,Spring
567,7,Saturday,18,18,3,January,1,2003,2,Spring
568,1,Sunday,19,19,4,January,1,2003,2,Spring
569,2,Monday,20,20,4,January,1,2003,2,Spring
570,3,Tuesday,21,21,4,January,1,2003,2,Spring
571,4,Wednesday,22,22,4,January,1,2003,2,Spring
572,5,Thursday,23,23,4,January,1,2003,2,Spring
573,6,Friday,24,24,4,January,1,2003,2,Spring
574,7,Saturday,25,25,4,January,1,2003,2,Spring
575,1,Sunday,26,26,5,January,1,2003,2,Spring
576,2,Monday,27,27,5,January,1,2003,2,Spring
577,3,Tuesday,28,28,5,January,1,2003,2,Spring
578,4,Wednesday,29,29,5,January,1,2003,2,Spring
579,5,Thursday,30,30,5,January,1,2003,2,Spring
580,6,Friday,31,31,5,January,1,2003,2,Spring
581,7,Saturday,1,32,5,February,2,2003,2,Spring
582,1,Sunday,2,33,6,February,2,2003,2,Spring
583,2,Monday,3,34,6,February,2,2003,2,Spring
584,3,Tuesday,4,35,6,February,2,2003,2,Spring
585,4,Wednesday,5,36,6,February,2,2003,2,Spring
586,5,Thursday,6,37,6,February,2,2003,2,Spring
587,6,Friday,7,38,6,February,2,2003,2,Spring
588,7,Saturday,8,39,6,February,2,2003,2,Spring
589,1,Sunday,9,40,7,February,2,2003,2,Spring
590,2,Monday,10,41,7,February,2,2003,2,Spring
591,3,Tuesday,11,42,7,February,2,2003,2,Spring
592,4,Wednesday,12,43,7,February,2,2003,2,Spring
593,5,Thursday,13,44,7,February,2,2003,2,Spring
594,6,Friday,14,45,7,February,2,2003,2,Spring
595,7,Saturday,15,46,7,February,2,2003,2,Spring
596,1,Sunday,16,47,8,February,2,2003,2,Spring
597,2,Monday,17,48,8,February,2,2003,2,Spring
598,3,Tuesday,18,49,8,February,2,2003,2,Spring
599,4,Wednesday,19,50,8,February,2,2003,2,Spring
600,5,Thursday,20,51,8,February,2,2003,2,Spring
601,6,Friday,21,52,8,February,2,2003,2,Spring
602,7,Saturday,22,53,8,February,2,2003,2,Spring
603,1,Sunday,23,54,9,February,2,2003,2,Spring
604,2,Monday,24,55,9,February,2,2003,2,Spring
605,3,Tuesday,25,56,9,February,2,2003,2,Spring
606,4,Wednesday,26,57,9,February,2,2003,2,Spring
607,5,Thursday,27,58,9,February,2,2003,2,Spring
608,6,Friday,28,59,9,February,2,2003,2,Spring
609,7,Saturday,1,60,9,March,3,2003,2,Spring
610,1,Sunday,2,61,10,March,3,2003,2,Spring
611,2,Monday,3,62,10,March,3,2003,2,Spring
612,3,Tuesday,4,63,10,March,3,2003,2,Spring
613,4,Wednesday,5,64,10,March,3,2003,2,Spring
614,5,Thursday,6,65,10,March,3,2003,2,Spring
615,6,Friday,7,66,10,March,3,2003,2,Spring
616,7,Saturday,8,67,10,March,3,2003,2,Spring
617,1,Sunday,9,68,11,March,3,2003,2,Spring
618,2,Monday,10,69,11,March,3,2003,2,Spring
619,3,Tuesday,11,70,11,March,3,2003,2,Spring
620,4,Wednesday,12,71,11,March,3,2003,2,Spring
621,5,Thursday,13,72,11,March,3,2003,2,Spring
622,6,Friday,14,73,11,March,3,2003,2,Spring
623,7,Saturday,15,74,11,March,3,2003,2,Spring
624,1,Sunday,16,75,12,March,3,2003,2,Spring
625,2,Monday,17,76,12,March,3,2003,2,Spring
626,3,Tuesday,18,77,12,March,3,2003,2,Spring
627,4,Wednesday,19,78,12,March,3,2003,2,Spring
628,5,Thursday,20,79,12,March,3,2003,2,Spring
629,6,Friday,21,80,12,March,3,2003,2,Spring
630,7,Saturday,22,81,12,March,3,2003,2,Spring
631,1,Sunday,23,82,13,March,3,2003,2,Spring
632,2,Monday,24,83,13,March,3,2003,2,Spring
633,3,Tuesday,25,84,13,March,3,2003,2,Spring
634,4,Wednesday,26,85,13,March,3,2003,2,Spring
635,5,Thursday,27,86,13,March,3,2003,2,Spring
636,6,Friday,28,87,13,March,3,2003,2,Spring
637,7,Saturday,29,88,13,March,3,2003,2,Spring
638,1,Sunday,30,89,14,March,3,2003,2,Spring
639,2,Monday,31,90,14,March,3,2003,2,Spring
640,3,Tuesday,1,91,14,April,4,2003,2,Spring
641,4,Wednesday,2,92,14,April,4,2003,2,Spring
642,5,Thursday,3,93,14,April,4,2003,2,Spring
643,6,Friday,4,94,14,April,4,2003,2,Spring
644,7,Saturday,5,95,14,April,4,2003,2,Spring
645,1,Sunday,6,96,15,April,4,2003,2,Spring
646,2,Monday,7,97,15,April,4,2003,2,Spring
647,3,Tuesday,8,98,15,April,4,2003,2,Spring
648,4,Wednesday,9,99,15,April,4,2003,2,Spring
649,5,Thursday,10,100,15,April,4,2003,2,Spring
650,6,Friday,11,101,15,April,4,2003,2,Spring
651,7,Saturday,12,102,15,April,4,2003,2,Spring
652,1,Sunday,13,103,16,April,4,2003,2,Spring
653,2,Monday,14,104,16,April,4,2003,2,Spring
654,3,Tuesday,15,105,16,April,4,2003,2,Spring
655,4,Wednesday,16,106,16,April,4,2003,2,Spring
656,5,Thursday,17,107,16,April,4,2003,2,Spring
657,6,Friday,18,108,16,April,4,2003,2,Spring
658,7,Saturday,19,109,16,April,4,2003,2,Spring
659,1,Sunday,20,110,17,April,4,2003,2,Spring
660,2,Monday,21,111,17,April,4,2003,2,Spring
661,3,Tuesday,22,112,17,April,4,2003,2,Spring
662,4,Wednesday,23,113,17,April,4,2003,2,Spring
663,5,Thursday,24,114,17,April,4,2003,2,Spring
664,6,Friday,25,115,17,April,4,2003,2,Spring
665,7,Saturday,26,116,17,April,4,2003,2,Spring
666,1,Sunday,27,117,18,April,4,2003,2,Spring
667,2,Monday,28,118,18,April,4,2003,2,Spring
668,3,Tuesday,29,119,18,April,4,2003,2,Spring
669,4,Wednesday,30,120,18,April,4,2003,2,Spring
670,5,Thursday,1,121,18,May,5,2003,2,Spring
671,6,Friday,2,122,18,May,5,2003,2,Spring
672,7,Saturday,3,123,18,May,5,2003,2,Spring
673,1,Sunday,4,124,19,May,5,2003,2,Spring
674,2,Monday,5,125,19,May,5,2003,2,Spring
675,3,Tuesday,6,126,19,May,5,2003,2,Spring
676,4,Wednesday,7,127,19,May,5,2003,2,Spring
677,5,Thursday,8,128,19,May,5,2003,2,Spring
678,6,Friday,9,129,19,May,5,2003,2,Spring
679,7,Saturday,10,130,19,May,5,2003,2,Spring
680,1,Sunday,11,131,20,May,5,2003,2,Spring
681,2,Monday,12,132,20,May,5,2003,2,Spring
682,3,Tuesday,13,133,20,May,5,2003,2,Spring
683,4,Wednesday,14,134,20,May,5,2003,2,Spring
684,5,Thursday,15,135,20,May,5,2003,2,Spring
685,6,Friday,16,136,20,May,5,2003,2,Spring
686,7,Saturday,17,137,20,May,5,2003,2,Spring
687,1,Sunday,18,138,21,May,5,2003,2,Spring
688,2,Monday,19,139,21,May,5,2003,2,Spring
689,3,Tuesday,20,140,21,May,5,2003,2,Spring
690,4,Wednesday,21,141,21,May,5,2003,2,Spring
691,5,Thursday,22,142,21,May,5,2003,2,Spring
692,6,Friday,23,143,21,May,5,2003,2,Spring
693,7,Saturday,24,144,21,May,5,2003,2,Spring
694,1,Sunday,25,145,22,May,5,2003,2,Spring
695,2,Monday,26,146,22,May,5,2003,2,Spring
696,3,Tuesday,27,147,22,May,5,2003,2,Spring
697,4,Wednesday,28,148,22,May,5,2003,2,Spring
698,5,Thursday,29,149,22,May,5,2003,2,Spring
699,6,Friday,30,150,22,May,5,2003,2,Spring
700,7,Saturday,31,151,22,May,5,2003,2,Spring
701,1,Sunday,1,152,23,June,6,2003,3,Summer
702,2,Monday,2,153,23,June,6,2003,3,Summer
703,3,Tuesday,3,154,23,June,6,2003,3,Summer
704,4,Wednesday,4,155,23,June,6,2003,3,Summer
705,5,Thursday,5,156,23,June,6,2003,3,Summer
706,6,Friday,6,157,23,June,6,2003,3,Summer
707,7,Saturday,7,158,23,June,6,2003,3,Summer
708,1,Sunday,8,159,24,June,6,2003,3,Summer
709,2,Monday,9,160,24,June,6,2003,3,Summer
710,3,Tuesday,10,161,24,June,6,2003,3,Summer
711,4,Wednesday,11,162,24,June,6,2003,3,Summer
712,5,Thursday,12,163,24,June,6,2003,3,Summer
713,6,Friday,13,164,24,June,6,2003,3,Summer
714,7,Saturday,14,165,24,June,6,2003,3,Summer
715,1,Sunday,15,166,25,June,6,2003,3,Summer
716,2,Monday,16,167,25,June,6,2003,3,Summer
717,3,Tuesday,17,168,25,June,6,2003,3,Summer
718,4,Wednesday,18,169,25,June,6,2003,3,Summer
719,5,Thursday,19,170,25,June,6,2003,3,Summer
720,6,Friday,20,171,25,June,6,2003,3,Summer
721,7,Saturday,21,172,25,June,6,2003,3,Summer
722,1,Sunday,22,173,26,June,6,2003,3,Summer
723,2,Monday,23,174,26,June,6,2003,3,Summer
724,3,Tuesday,24,175,26,June,6,2003,3,Summer
725,4,Wednesday,25,176,26,June,6,2003,3,Summer
726,5,Thursday,26,177,26,June,6,2003,3,Summer
727,6,Friday,27,178,26,June,6,2003,3,Summer
728,7,Saturday,28,179,26,June,6,2003,3,Summer
729,1,Sunday,29,180,27,June,6,2003,3,Summer
730,2,Monday,30,181,27,June,6,2003,3,Summer
731,3,Tuesday,1,182,27,July,7,2003,3,Summer
732,4,Wednesday,2,183,27,July,7,2003,3,Summer
733,5,Thursday,3,184,27,July,7,2003,3,Summer
734,6,Friday,4,185,27,July,7,2003,3,Summer
735,7,Saturday,5,186,27,July,7,2003,3,Summer
736,1,Sunday,6,187,28,July,7,2003,3,Summer
737,2,Monday,7,188,28,July,7,2003,3,Summer
738,3,Tuesday,8,189,28,July,7,2003,3,Summer
739,4,Wednesday,9,190,28,July,7,2003,3,Summer
740,5,Thursday,10,191,28,July,7,2003,3,Summer
741,6,Friday,11,192,28,July,7,2003,3,Summer
742,7,Saturday,12,193,28,July,7,2003,3,Summer
743,1,Sunday,13,194,29,July,7,2003,3,Summer
744,2,Monday,14,195,29,July,7,2003,3,Summer
745,3,Tuesday,15,196,29,July,7,2003,3,Summer
746,4,Wednesday,16,197,29,July,7,2003,3,Summer
747,5,Thursday,17,198,29,July,7,2003,3,Summer
748,6,Friday,18,199,29,July,7,2003,3,Summer
749,7,Saturday,19,200,29,July,7,2003,3,Summer
750,1,Sunday,20,201,30,July,7,2003,3,Summer
751,2,Monday,21,202,30,July,7,2003,3,Summer
752,3,Tuesday,22,203,30,July,7,2003,3,Summer
753,4,Wednesday,23,204,30,July,7,2003,3,Summer
754,5,Thursday,24,205,30,July,7,2003,3,Summer
755,6,Friday,25,206,30,July,7,2003,3,Summer
756,7,Saturday,26,207,30,July,7,2003,3,Summer
757,1,Sunday,27,208,31,July,7,2003,3,Summer
758,2,Monday,28,209,31,July,7,2003,3,Summer
759,3,Tuesday,29,210,31,July,7,2003,3,Summer
760,4,Wednesday,30,211,31,July,7,2003,3,Summer
761,5,Thursday,31,212,31,July,7,2003,3,Summer
762,6,Friday,1,213,31,August,8,2003,3,Summer
763,7,Saturday,2,214,31,August,8,2003,3,Summer
764,1,Sunday,3,215,32,August,8,2003,3,Summer
765,2,Monday,4,216,32,August,8,2003,3,Summer
766,3,Tuesday,5,217,32,August,8,2003,3,Summer
767,4,Wednesday,6,218,32,August,8,2003,3,Summer
768,5,Thursday,7,219,32,August,8,2003,3,Summer
769,6,Friday,8,220,32,August,8,2003,3,Summer
770,7,Saturday,9,221,32,August,8,2003,3,Summer
771,1,Sunday,10,222,33,August,8,2003,3,Summer
772,2,Monday,11,223,33,August,8,2003,3,Summer
773,3,Tuesday,12,224,33,August,8,2003,3,Summer
774,4,Wednesday,13,225,33,August,8,2003,3,Summer
775,5,Thursday,14,226,33,August,8,2003,3,Summer
776,6,Friday,15,227,33,August,8,2003,3,Summer
777,7,Saturday,16,228,33,August,8,2003,3,Summer
778,1,Sunday,17,229,34,August,8,2003,3,Summer
779,2,Monday,18,230,34,August,8,2003,3,Summer
780,3,Tuesday,19,231,34,August,8,2003,3,Summer
781,4,Wednesday,20,232,34,August,8,2003,3,Summer
782,5,Thursday,21,233,34,August,8,2003,3,Summer
783,6,Friday,22,234,34,August,8,2003,3,Summer
784,7,Saturday,23,235,34,August,8,2003,3,Summer
785,1,Sunday,24,236,35,August,8,2003,3,Summer
786,2,Monday,25,237,35,August,8,2003,3,Summer
787,3,Tuesday,26,238,35,August,8,2003,3,Summer
788,4,Wednesday,27,239,35,August,8,2003,3,Summer
789,5,Thursday,28,240,35,August,8,2003,3,Summer
790,6,Friday,29,241,35,August,8,2003,3,Summer
791,7,Saturday,30,242,35,August,8,2003,3,Summer
792,1,Sunday,31,243,36,August,8,2003,3,Summer
793,2,Monday,1,244,36,September,9,2003,1,Fall
794,3,Tuesday,2,245,36,September,9,2003,1,Fall
795,4,Wednesday,3,246,36,September,9,2003,1,Fall
796,5,Thursday,4,247,36,September,9,2003,1,Fall
797,6,Friday,5,248,36,September,9,2003,1,Fall
798,7,Saturday,6,249,36,September,9,2003,1,Fall
799,1,Sunday,7,250,37,September,9,2003,1,Fall
800,2,Monday,8,251,37,September,9,2003,1,Fall
801,3,Tuesday,9,252,37,September,9,2003,1,Fall
802,4,Wednesday,10,253,37,September,9,2003,1,Fall
803,5,Thursday,11,254,37,September,9,2003,1,Fall
804,6,Friday,12,255,37,September,9,2003,1,Fall
805,7,Saturday,13,256,37,September,9,2003,1,Fall
806,1,Sunday,14,257,38,September,9,2003,1,Fall
807,2,Monday,15,258,38,September,9,2003,1,Fall
808,3,Tuesday,16,259,38,September,9,2003,1,Fall
809,4,Wednesday,17,260,38,September,9,2003,1,Fall
810,5,Thursday,18,261,38,September,9,2003,1,Fall
811,6,Friday,19,262,38,September,9,2003,1,Fall
812,7,Saturday,20,263,38,September,9,2003,1,Fall
813,1,Sunday,21,264,39,September,9,2003,1,Fall
814,2,Monday,22,265,39,September,9,2003,1,Fall
815,3,Tuesday,23,266,39,September,9,2003,1,Fall
816,4,Wednesday,24,267,39,September,9,2003,1,Fall
817,5,Thursday,25,268,39,September,9,2003,1,Fall
818,6,Friday,26,269,39,September,9,2003,1,Fall
819,7,Saturday,27,270,39,September,9,2003,1,Fall
820,1,Sunday,28,271,40,September,9,2003,1,Fall
821,2,Monday,29,272,40,September,9,2003,1,Fall
822,3,Tuesday,30,273,40,September,9,2003,1,Fall
823,4,Wednesday,1,274,40,October,10,2003,1,Fall
824,5,Thursday,2,275,40,October,10,2003,1,Fall
825,6,Friday,3,276,40,October,10,2003,1,Fall
826,7,Saturday,4,277,40,October,10,2003,1,Fall
827,1,Sunday,5,278,41,October,10,2003,1,Fall
828,2,Monday,6,279,41,October,10,2003,1,Fall
829,3,Tuesday,7,280,41,October,10,2003,1,Fall
830,4,Wednesday,8,281,41,October,10,2003,1,Fall
831,5,Thursday,9,282,41,October,10,2003,1,Fall
832,6,Friday,10,283,41,October,10,2003,1,Fall
833,7,Saturday,11,284,41,October,10,2003,1,Fall
834,1,Sunday,12,285,42,October,10,2003,1,Fall
835,2,Monday,13,286,42,October,10,2003,1,Fall
836,3,Tuesday,14,287,42,October,10,2003,1,Fall
837,4,Wednesday,15,288,42,October,10,2003,1,Fall
838,5,Thursday,16,289,42,October,10,2003,1,Fall
839,6,Friday,17,290,42,October,10,2003,1,Fall
840,7,Saturday,18,291,42,October,10,2003,1,Fall
841,1,Sunday,19,292,43,October,10,2003,1,Fall
842,2,Monday,20,293,43,October,10,2003,1,Fall
843,3,Tuesday,21,294,43,October,10,2003,1,Fall
844,4,Wednesday,22,295,43,October,10,2003,1,Fall
845,5,Thursday,23,296,43,October,10,2003,1,Fall
846,6,Friday,24,297,43,October,10,2003,1,Fall
847,7,Saturday,25,298,43,October,10,2003,1,Fall
848,1,Sunday,26,299,44,October,10,2003,1,Fall
849,2,Monday,27,300,44,October,10,2003,1,Fall
850,3,Tuesday,28,301,44,October,10,2003,1,Fall
851,4,Wednesday,29,302,44,October,10,2003,1,Fall
852,5,Thursday,30,303,44,October,10,2003,1,Fall
853,6,Friday,31,304,44,October,10,2003,1,Fall
854,7,Saturday,1,305,44,November,11,2003,1,Fall
855,1,Sunday,2,306,45,November,11,2003,1,Fall
856,2,Monday,3,307,45,November,11,2003,1,Fall
857,3,Tuesday,4,308,45,November,11,2003,1,Fall
858,4,Wednesday,5,309,45,November,11,2003,1,Fall
859,5,Thursday,6,310,45,November,11,2003,1,Fall
860,6,Friday,7,311,45,November,11,2003,1,Fall
861,7,Saturday,8,312,45,November,11,2003,1,Fall
862,1,Sunday,9,313,46,November,11,2003,1,Fall
863,2,Monday,10,314,46,November,11,2003,1,Fall
864,3,Tuesday,11,315,46,November,11,2003,1,Fall
865,4,Wednesday,12,316,46,November,11,2003,1,Fall
866,5,Thursday,13,317,46,November,11,2003,1,Fall
867,6,Friday,14,318,46,November,11,2003,1,Fall
868,7,Saturday,15,319,46,November,11,2003,1,Fall
869,1,Sunday,16,320,47,November,11,2003,1,Fall
870,2,Monday,17,321,47,November,11,2003,1,Fall
871,3,Tuesday,18,322,47,November,11,2003,1,Fall
872,4,Wednesday,19,323,47,November,11,2003,1,Fall
873,5,Thursday,20,324,47,November,11,2003,1,Fall
874,6,Friday,21,325,47,November,11,2003,1,Fall
875,7,Saturday,22,326,47,November,11,2003,1,Fall
876,1,Sunday,23,327,48,November,11,2003,1,Fall
877,2,Monday,24,328,48,November,11,2003,1,Fall
878,3,Tuesday,25,329,48,November,11,2003,1,Fall
879,4,Wednesday,26,330,48,November,11,2003,1,Fall
880,5,Thursday,27,331,48,November,11,2003,1,Fall
881,6,Friday,28,332,48,November,11,2003,1,Fall
882,7,Saturday,29,333,48,November,11,2003,1,Fall
883,1,Sunday,30,334,49,November,11,2003,1,Fall
884,2,Monday,1,335,49,December,12,2003,1,Fall
885,3,Tuesday,2,336,49,December,12,2003,1,Fall
886,4,Wednesday,3,337,49,December,12,2003,1,Fall
887,5,Thursday,4,338,49,December,12,2003,1,Fall
888,6,Friday,5,339,49,December,12,2003,1,Fall
889,7,Saturday,6,340,49,December,12,2003,1,Fall
890,1,Sunday,7,341,50,December,12,2003,1,Fall
891,2,Monday,8,342,50,December,12,2003,1,Fall
892,3,Tuesday,9,343,50,December,12,2003,1,Fall
893,4,Wednesday,10,344,50,December,12,2003,1,Fall
894,5,Thursday,11,345,50,December,12,2003,1,Fall
895,6,Friday,12,346,50,December,12,2003,1,Fall
896,7,Saturday,13,347,50,December,12,2003,1,Fall
897,1,Sunday,14,348,51,December,12,2003,1,Fall
898,2,Monday,15,349,51,December,12,2003,1,Fall
899,3,Tuesday,16,350,51,December,12,2003,1,Fall
900,4,Wednesday,17,351,51,December,12,2003,1,Fall
901,5,Thursday,18,352,51,December,12,2003,1,Fall
902,6,Friday,19,353,51,December,12,2003,1,Fall
903,7,Saturday,20,354,51,December,12,2003,1,Fall
904,1,Sunday,21,355,52,December,12,2003,1,Fall
905,2,Monday,22,356,52,December,12,2003,1,Fall
906,3,Tuesday,23,357,52,December,12,2003,1,Fall
907,4,Wednesday,24,358,52,December,12,2003,1,Fall
908,5,Thursday,25,359,52,December,12,2003,1,Fall
909,6,Friday,26,360,52,December,12,2003,1,Fall
910,7,Saturday,27,361,52,December,12,2003,1,Fall
911,1,Sunday,28,362,53,December,12,2003,1,Fall
912,2,Monday,29,363,53,December,12,2003,1,Fall
913,3,Tuesday,30,364,53,December,12,2003,1,Fall
914,4,Wednesday,31,365,53,December,12,2003,1,Fall
915,5,Thursday,1,1,1,January,1,2004,2,Spring
916,6,Friday,2,2,1,January,1,2004,2,Spring
917,7,Saturday,3,3,1,January,1,2004,2,Spring
918,1,Sunday,4,4,2,January,1,2004,2,Spring
919,2,Monday,5,5,2,January,1,2004,2,Spring
920,3,Tuesday,6,6,2,January,1,2004,2,Spring
921,4,Wednesday,7,7,2,January,1,2004,2,Spring
922,5,Thursday,8,8,2,January,1,2004,2,Spring
923,6,Friday,9,9,2,January,1,2004,2,Spring
924,7,Saturday,10,10,2,January,1,2004,2,Spring
925,1,Sunday,11,11,3,January,1,2004,2,Spring
926,2,Monday,12,12,3,January,1,2004,2,Spring
927,3,Tuesday,13,13,3,January,1,2004,2,Spring
928,4,Wednesday,14,14,3,January,1,2004,2,Spring
929,5,Thursday,15,15,3,January,1,2004,2,Spring
930,6,Friday,16,16,3,January,1,2004,2,Spring
931,7,Saturday,17,17,3,January,1,2004,2,Spring
932,1,Sunday,18,18,4,January,1,2004,2,Spring
933,2,Monday,19,19,4,January,1,2004,2,Spring
934,3,Tuesday,20,20,4,January,1,2004,2,Spring
935,4,Wednesday,21,21,4,January,1,2004,2,Spring
936,5,Thursday,22,22,4,January,1,2004,2,Spring
937,6,Friday,23,23,4,January,1,2004,2,Spring
938,7,Saturday,24,24,4,January,1,2004,2,Spring
939,1,Sunday,25,25,5,January,1,2004,2,Spring
940,2,Monday,26,26,5,January,1,2004,2,Spring
941,3,Tuesday,27,27,5,January,1,2004,2,Spring
942,4,Wednesday,28,28,5,January,1,2004,2,Spring
943,5,Thursday,29,29,5,January,1,2004,2,Spring
944,6,Friday,30,30,5,January,1,2004,2,Spring
945,7,Saturday,31,31,5,January,1,2004,2,Spring
946,1,Sunday,1,32,6,February,2,2004,2,Spring
947,2,Monday,2,33,6,February,2,2004,2,Spring
948,3,Tuesday,3,34,6,February,2,2004,2,Spring
949,4,Wednesday,4,35,6,February,2,2004,2,Spring
950,5,Thursday,5,36,6,February,2,2004,2,Spring
951,6,Friday,6,37,6,February,2,2004,2,Spring
952,7,Saturday,7,38,6,February,2,2004,2,Spring
953,1,Sunday,8,39,7,February,2,2004,2,Spring
954,2,Monday,9,40,7,February,2,2004,2,Spring
955,3,Tuesday,10,41,7,February,2,2004,2,Spring
956,4,Wednesday,11,42,7,February,2,2004,2,Spring
957,5,Thursday,12,43,7,February,2,2004,2,Spring
958,6,Friday,13,44,7,February,2,2004,2,Spring
959,7,Saturday,14,45,7,February,2,2004,2,Spring
960,1,Sunday,15,46,8,February,2,2004,2,Spring
961,2,Monday,16,47,8,February,2,2004,2,Spring
962,3,Tuesday,17,48,8,February,2,2004,2,Spring
963,4,Wednesday,18,49,8,February,2,2004,2,Spring
964,5,Thursday,19,50,8,February,2,2004,2,Spring
965,6,Friday,20,51,8,February,2,2004,2,Spring
966,7,Saturday,21,52,8,February,2,2004,2,Spring
967,1,Sunday,22,53,9,February,2,2004,2,Spring
968,2,Monday,23,54,9,February,2,2004,2,Spring
969,3,Tuesday,24,55,9,February,2,2004,2,Spring
970,4,Wednesday,25,56,9,February,2,2004,2,Spring
971,5,Thursday,26,57,9,February,2,2004,2,Spring
972,6,Friday,27,58,9,February,2,2004,2,Spring
973,7,Saturday,28,59,9,February,2,2004,2,Spring
974,1,Sunday,29,60,10,February,2,2004,2,Spring
975,2,Monday,1,61,10,March,3,2004,2,Spring
976,3,Tuesday,2,62,10,March,3,2004,2,Spring
977,4,Wednesday,3,63,10,March,3,2004,2,Spring
978,5,Thursday,4,64,10,March,3,2004,2,Spring
979,6,Friday,5,65,10,March,3,2004,2,Spring
980,7,Saturday,6,66,10,March,3,2004,2,Spring
981,1,Sunday,7,67,11,March,3,2004,2,Spring
982,2,Monday,8,68,11,March,3,2004,2,Spring
983,3,Tuesday,9,69,11,March,3,2004,2,Spring
984,4,Wednesday,10,70,11,March,3,2004,2,Spring
985,5,Thursday,11,71,11,March,3,2004,2,Spring
986,6,Friday,12,72,11,March,3,2004,2,Spring
987,7,Saturday,13,73,11,March,3,2004,2,Spring
988,1,Sunday,14,74,12,March,3,2004,2,Spring
989,2,Monday,15,75,12,March,3,2004,2,Spring
990,3,Tuesday,16,76,12,March,3,2004,2,Spring
991,4,Wednesday,17,77,12,March,3,2004,2,Spring
992,5,Thursday,18,78,12,March,3,2004,2,Spring
993,6,Friday,19,79,12,March,3,2004,2,Spring
994,7,Saturday,20,80,12,March,3,2004,2,Spring
995,1,Sunday,21,81,13,March,3,2004,2,Spring
996,2,Monday,22,82,13,March,3,2004,2,Spring
997,3,Tuesday,23,83,13,March,3,2004,2,Spring
998,4,Wednesday,24,84,13,March,3,2004,2,Spring
999,5,Thursday,25,85,13,March,3,2004,2,Spring
1000,6,Friday,26,86,13,March,3,2004,2,Spring
1001,7,Saturday,27,87,13,March,3,2004,2,Spring
1002,1,Sunday,28,88,14,March,3,2004,2,Spring
1003,2,Monday,29,89,14,March,3,2004,2,Spring
1004,3,Tuesday,30,90,14,March,3,2004,2,Spring
1005,4,Wednesday,31,91,14,March,3,2004,2,Spring
1006,5,Thursday,1,92,14,April,4,2004,2,Spring
1007,6,Friday,2,93,14,April,4,2004,2,Spring
1008,7,Saturday,3,94,14,April,4,2004,2,Spring
1009,1,Sunday,4,95,15,April,4,2004,2,Spring
1010,2,Monday,5,96,15,April,4,2004,2,Spring
1011,3,Tuesday,6,97,15,April,4,2004,2,Spring
1012,4,Wednesday,7,98,15,April,4,2004,2,Spring
1013,5,Thursday,8,99,15,April,4,2004,2,Spring
1014,6,Friday,9,100,15,April,4,2004,2,Spring
1015,7,Saturday,10,101,15,April,4,2004,2,Spring
1016,1,Sunday,11,102,16,April,4,2004,2,Spring
1017,2,Monday,12,103,16,April,4,2004,2,Spring
1018,3,Tuesday,13,104,16,April,4,2004,2,Spring
1019,4,Wednesday,14,105,16,April,4,2004,2,Spring
1020,5,Thursday,15,106,16,April,4,2004,2,Spring
1021,6,Friday,16,107,16,April,4,2004,2,Spring
1022,7,Saturday,17,108,16,April,4,2004,2,Spring
1023,1,Sunday,18,109,17,April,4,2004,2,Spring
1024,2,Monday,19,110,17,April,4,2004,2,Spring
1025,3,Tuesday,20,111,17,April,4,2004,2,Spring
1026,4,Wednesday,21,112,17,April,4,2004,2,Spring
1027,5,Thursday,22,113,17,April,4,2004,2,Spring
1028,6,Friday,23,114,17,April,4,2004,2,Spring
1029,7,Saturday,24,115,17,April,4,2004,2,Spring
1030,1,Sunday,25,116,18,April,4,2004,2,Spring
1031,2,Monday,26,117,18,April,4,2004,2,Spring
1032,3,Tuesday,27,118,18,April,4,2004,2,Spring
1033,4,Wednesday,28,119,18,April,4,2004,2,Spring
1034,5,Thursday,29,120,18,April,4,2004,2,Spring
1035,6,Friday,30,121,18,April,4,2004,2,Spring
1036,7,Saturday,1,122,18,May,5,2004,2,Spring
1037,1,Sunday,2,123,19,May,5,2004,2,Spring
1038,2,Monday,3,124,19,May,5,2004,2,Spring
1039,3,Tuesday,4,125,19,May,5,2004,2,Spring
1040,4,Wednesday,5,126,19,May,5,2004,2,Spring
1041,5,Thursday,6,127,19,May,5,2004,2,Spring
1042,6,Friday,7,128,19,May,5,2004,2,Spring
1043,7,Saturday,8,129,19,May,5,2004,2,Spring
1044,1,Sunday,9,130,20,May,5,2004,2,Spring
1045,2,Monday,10,131,20,May,5,2004,2,Spring
1046,3,Tuesday,11,132,20,May,5,2004,2,Spring
1047,4,Wednesday,12,133,20,May,5,2004,2,Spring
1048,5,Thursday,13,134,20,May,5,2004,2,Spring
1049,6,Friday,14,135,20,May,5,2004,2,Spring
1050,7,Saturday,15,136,20,May,5,2004,2,Spring
1051,1,Sunday,16,137,21,May,5,2004,2,Spring
1052,2,Monday,17,138,21,May,5,2004,2,Spring
1053,3,Tuesday,18,139,21,May,5,2004,2,Spring
1054,4,Wednesday,19,140,21,May,5,2004,2,Spring
1055,5,Thursday,20,141,21,May,5,2004,2,Spring
1056,6,Friday,21,142,21,May,5,2004,2,Spring
1057,7,Saturday,22,143,21,May,5,2004,2,Spring
1058,1,Sunday,23,144,22,May,5,2004,2,Spring
1059,2,Monday,24,145,22,May,5,2004,2,Spring
1060,3,Tuesday,25,146,22,May,5,2004,2,Spring
1061,4,Wednesday,26,147,22,May,5,2004,2,Spring
1062,5,Thursday,27,148,22,May,5,2004,2,Spring
1063,6,Friday,28,149,22,May,5,2004,2,Spring
1064,7,Saturday,29,150,22,May,5,2004,2,Spring
1065,1,Sunday,30,151,23,May,5,2004,2,Spring
1066,2,Monday,31,152,23,May,5,2004,2,Spring
1067,3,Tuesday,1,153,23,June,6,2004,3,Summer
1068,4,Wednesday,2,154,23,June,6,2004,3,Summer
1069,5,Thursday,3,155,23,June,6,2004,3,Summer
1070,6,Friday,4,156,23,June,6,2004,3,Summer
1071,7,Saturday,5,157,23,June,6,2004,3,Summer
1072,1,Sunday,6,158,24,June,6,2004,3,Summer
1073,2,Monday,7,159,24,June,6,2004,3,Summer
1074,3,Tuesday,8,160,24,June,6,2004,3,Summer
1075,4,Wednesday,9,161,24,June,6,2004,3,Summer
1076,5,Thursday,10,162,24,June,6,2004,3,Summer
1077,6,Friday,11,163,24,June,6,2004,3,Summer
1078,7,Saturday,12,164,24,June,6,2004,3,Summer
1079,1,Sunday,13,165,25,June,6,2004,3,Summer
1080,2,Monday,14,166,25,June,6,2004,3,Summer
1081,3,Tuesday,15,167,25,June,6,2004,3,Summer
1082,4,Wednesday,16,168,25,June,6,2004,3,Summer
1083,5,Thursday,17,169,25,June,6,2004,3,Summer
1084,6,Friday,18,170,25,June,6,2004,3,Summer
1085,7,Saturday,19,171,25,June,6,2004,3,Summer
1086,1,Sunday,20,172,26,June,6,2004,3,Summer
1087,2,Monday,21,173,26,June,6,2004,3,Summer
1088,3,Tuesday,22,174,26,June,6,2004,3,Summer
1089,4,Wednesday,23,175,26,June,6,2004,3,Summer
1090,5,Thursday,24,176,26,June,6,2004,3,Summer
1091,6,Friday,25,177,26,June,6,2004,3,Summer
1092,7,Saturday,26,178,26,June,6,2004,3,Summer
1093,1,Sunday,27,179,27,June,6,2004,3,Summer
1094,2,Monday,28,180,27,June,6,2004,3,Summer
1095,3,Tuesday,29,181,27,June,6,2004,3,Summer
1096,4,Wednesday,30,182,27,June,6,2004,3,Summer
1097,5,Thursday,1,183,27,July,7,2004,3,Summer
1098,6,Friday,2,184,27,July,7,2004,3,Summer
1099,7,Saturday,3,185,27,July,7,2004,3,Summer
1100,1,Sunday,4,186,28,July,7,2004,3,Summer
1101,2,Monday,5,187,28,July,7,2004,3,Summer
1102,3,Tuesday,6,188,28,July,7,2004,3,Summer
1103,4,Wednesday,7,189,28,July,7,2004,3,Summer
1104,5,Thursday,8,190,28,July,7,2004,3,Summer
1105,6,Friday,9,191,28,July,7,2004,3,Summer
1106,7,Saturday,10,192,28,July,7,2004,3,Summer
1107,1,Sunday,11,193,29,July,7,2004,3,Summer
1108,2,Monday,12,194,29,July,7,2004,3,Summer
1109,3,Tuesday,13,195,29,July,7,2004,3,Summer
1110,4,Wednesday,14,196,29,July,7,2004,3,Summer
1111,5,Thursday,15,197,29,July,7,2004,3,Summer
1112,6,Friday,16,198,29,July,7,2004,3,Summer
1113,7,Saturday,17,199,29,July,7,2004,3,Summer
1114,1,Sunday,18,200,30,July,7,2004,3,Summer
1115,2,Monday,19,201,30,July,7,2004,3,Summer
1116,3,Tuesday,20,202,30,July,7,2004,3,Summer
1117,4,Wednesday,21,203,30,July,7,2004,3,Summer
1118,5,Thursday,22,204,30,July,7,2004,3,Summer
1119,6,Friday,23,205,30,July,7,2004,3,Summer
1120,7,Saturday,24,206,30,July,7,2004,3,Summer
1121,1,Sunday,25,207,31,July,7,2004,3,Summer
1122,2,Monday,26,208,31,July,7,2004,3,Summer
1123,3,Tuesday,27,209,31,July,7,2004,3,Summer
1124,4,Wednesday,28,210,31,July,7,2004,3,Summer
1125,5,Thursday,29,211,31,July,7,2004,3,Summer
1126,6,Friday,30,212,31,July,7,2004,3,Summer
1127,7,Saturday,31,213,31,July,7,2004,3,Summer
1128,1,Sunday,1,214,32,August,8,2004,3,Summer
1129,2,Monday,2,215,32,August,8,2004,3,Summer
1130,3,Tuesday,3,216,32,August,8,2004,3,Summer
1131,4,Wednesday,4,217,32,August,8,2004,3,Summer
1132,5,Thursday,5,218,32,August,8,2004,3,Summer
1133,6,Friday,6,219,32,August,8,2004,3,Summer
1134,7,Saturday,7,220,32,August,8,2004,3,Summer
1135,1,Sunday,8,221,33,August,8,2004,3,Summer
1136,2,Monday,9,222,33,August,8,2004,3,Summer
1137,3,Tuesday,10,223,33,August,8,2004,3,Summer
1138,4,Wednesday,11,224,33,August,8,2004,3,Summer
1139,5,Thursday,12,225,33,August,8,2004,3,Summer
1140,6,Friday,13,226,33,August,8,2004,3,Summer
1141,7,Saturday,14,227,33,August,8,2004,3,Summer
1142,1,Sunday,15,228,34,August,8,2004,3,Summer
1143,2,Monday,16,229,34,August,8,2004,3,Summer
1144,3,Tuesday,17,230,34,August,8,2004,3,Summer
1145,4,Wednesday,18,231,34,August,8,2004,3,Summer
1146,5,Thursday,19,232,34,August,8,2004,3,Summer
1147,6,Friday,20,233,34,August,8,2004,3,Summer
1148,7,Saturday,21,234,34,August,8,2004,3,Summer
1149,1,Sunday,22,235,35,August,8,2004,3,Summer
1150,2,Monday,23,236,35,August,8,2004,3,Summer
1151,3,Tuesday,24,237,35,August,8,2004,3,Summer
1152,4,Wednesday,25,238,35,August,8,2004,3,Summer
1153,5,Thursday,26,239,35,August,8,2004,3,Summer
1154,6,Friday,27,240,35,August,8,2004,3,Summer
1155,7,Saturday,28,241,35,August,8,2004,3,Summer
1156,1,Sunday,29,242,36,August,8,2004,3,Summer
1157,2,Monday,30,243,36,August,8,2004,3,Summer
1158,3,Tuesday,31,244,36,August,8,2004,3,Summer
1159,4,Wednesday,1,245,36,September,9,2004,1,Fall
1160,5,Thursday,2,246,36,September,9,2004,1,Fall
1161,6,Friday,3,247,36,September,9,2004,1,Fall
1162,7,Saturday,4,248,36,September,9,2004,1,Fall
1163,1,Sunday,5,249,37,September,9,2004,1,Fall
1164,2,Monday,6,250,37,September,9,2004,1,Fall
1165,3,Tuesday,7,251,37,September,9,2004,1,Fall
1166,4,Wednesday,8,252,37,September,9,2004,1,Fall
1167,5,Thursday,9,253,37,September,9,2004,1,Fall
1168,6,Friday,10,254,37,September,9,2004,1,Fall
1169,7,Saturday,11,255,37,September,9,2004,1,Fall
1170,1,Sunday,12,256,38,September,9,2004,1,Fall
1171,2,Monday,13,257,38,September,9,2004,1,Fall
1172,3,Tuesday,14,258,38,September,9,2004,1,Fall
1173,4,Wednesday,15,259,38,September,9,2004,1,Fall
1174,5,Thursday,16,260,38,September,9,2004,1,Fall
1175,6,Friday,17,261,38,September,9,2004,1,Fall
1176,7,Saturday,18,262,38,September,9,2004,1,Fall
1177,1,Sunday,19,263,39,September,9,2004,1,Fall
1178,2,Monday,20,264,39,September,9,2004,1,Fall
1179,3,Tuesday,21,265,39,September,9,2004,1,Fall
1180,4,Wednesday,22,266,39,September,9,2004,1,Fall
1181,5,Thursday,23,267,39,September,9,2004,1,Fall
1182,6,Friday,24,268,39,September,9,2004,1,Fall
1183,7,Saturday,25,269,39,September,9,2004,1,Fall
1184,1,Sunday,26,270,40,September,9,2004,1,Fall
1185,2,Monday,27,271,40,September,9,2004,1,Fall
1186,3,Tuesday,28,272,40,September,9,2004,1,Fall
1187,4,Wednesday,29,273,40,September,9,2004,1,Fall
1188,5,Thursday,30,274,40,September,9,2004,1,Fall
1189,6,Friday,1,275,40,October,10,2004,1,Fall
1190,7,Saturday,2,276,40,October,10,2004,1,Fall
1191,1,Sunday,3,277,41,October,10,2004,1,Fall
1192,2,Monday,4,278,41,October,10,2004,1,Fall
1193,3,Tuesday,5,279,41,October,10,2004,1,Fall
1194,4,Wednesday,6,280,41,October,10,2004,1,Fall
1195,5,Thursday,7,281,41,October,10,2004,1,Fall
1196,6,Friday,8,282,41,October,10,2004,1,Fall
1197,7,Saturday,9,283,41,October,10,2004,1,Fall
1198,1,Sunday,10,284,42,October,10,2004,1,Fall
1199,2,Monday,11,285,42,October,10,2004,1,Fall
1200,3,Tuesday,12,286,42,October,10,2004,1,Fall
1201,4,Wednesday,13,287,42,October,10,2004,1,Fall
1202,5,Thursday,14,288,42,October,10,2004,1,Fall
1203,6,Friday,15,289,42,October,10,2004,1,Fall
1204,7,Saturday,16,290,42,October,10,2004,1,Fall
1205,1,Sunday,17,291,43,October,10,2004,1,Fall
1206,2,Monday,18,292,43,October,10,2004,1,Fall
1207,3,Tuesday,19,293,43,October,10,2004,1,Fall
1208,4,Wednesday,20,294,43,October,10,2004,1,Fall
1209,5,Thursday,21,295,43,October,10,2004,1,Fall
1210,6,Friday,22,296,43,October,10,2004,1,Fall
1211,7,Saturday,23,297,43,October,10,2004,1,Fall
1212,1,Sunday,24,298,44,October,10,2004,1,Fall
1213,2,Monday,25,299,44,October,10,2004,1,Fall
1214,3,Tuesday,26,300,44,October,10,2004,1,Fall
1215,4,Wednesday,27,301,44,October,10,2004,1,Fall
1216,5,Thursday,28,302,44,October,10,2004,1,Fall
1217,6,Friday,29,303,44,October,10,2004,1,Fall
1218,7,Saturday,30,304,44,October,10,2004,1,Fall
1219,1,Sunday,31,305,45,October,10,2004,1,Fall
1220,2,Monday,1,306,45,November,11,2004,1,Fall
1221,3,Tuesday,2,307,45,November,11,2004,1,Fall
1222,4,Wednesday,3,308,45,November,11,2004,1,Fall
1223,5,Thursday,4,309,45,November,11,2004,1,Fall
1224,6,Friday,5,310,45,November,11,2004,1,Fall
1225,7,Saturday,6,311,45,November,11,2004,1,Fall
1226,1,Sunday,7,312,46,November,11,2004,1,Fall
1227,2,Monday,8,313,46,November,11,2004,1,Fall
1228,3,Tuesday,9,314,46,November,11,2004,1,Fall
1229,4,Wednesday,10,315,46,November,11,2004,1,Fall
1230,5,Thursday,11,316,46,November,11,2004,1,Fall
1231,6,Friday,12,317,46,November,11,2004,1,Fall
1232,7,Saturday,13,318,46,November,11,2004,1,Fall
1233,1,Sunday,14,319,47,November,11,2004,1,Fall
1234,2,Monday,15,320,47,November,11,2004,1,Fall
1235,3,Tuesday,16,321,47,November,11,2004,1,Fall
1236,4,Wednesday,17,322,47,November,11,2004,1,Fall
1237,5,Thursday,18,323,47,November,11,2004,1,Fall
1238,6,Friday,19,324,47,November,11,2004,1,Fall
1239,7,Saturday,20,325,47,November,11,2004,1,Fall
1240,1,Sunday,21,326,48,November,11,2004,1,Fall
1241,2,Monday,22,327,48,November,11,2004,1,Fall
1242,3,Tuesday,23,328,48,November,11,2004,1,Fall
1243,4,Wednesday,24,329,48,November,11,2004,1,Fall
1244,5,Thursday,25,330,48,November,11,2004,1,Fall
1245,6,Friday,26,331,48,November,11,2004,1,Fall
1246,7,Saturday,27,332,48,November,11,2004,1,Fall
1247,1,Sunday,28,333,49,November,11,2004,1,Fall
1248,2,Monday,29,334,49,November,11,2004,1,Fall
1249,3,Tuesday,30,335,49,November,11,2004,1,Fall
1250,4,Wednesday,1,336,49,December,12,2004,1,Fall
1251,5,Thursday,2,337,49,December,12,2004,1,Fall
1252,6,Friday,3,338,49,December,12,2004,1,Fall
1253,7,Saturday,4,339,49,December,12,2004,1,Fall
1254,1,Sunday,5,340,50,December,12,2004,1,Fall
1255,2,Monday,6,341,50,December,12,2004,1,Fall
1256,3,Tuesday,7,342,50,December,12,2004,1,Fall
1257,4,Wednesday,8,343,50,December,12,2004,1,Fall
1258,5,Thursday,9,344,50,December,12,2004,1,Fall
1259,6,Friday,10,345,50,December,12,2004,1,Fall
1260,7,Saturday,11,346,50,December,12,2004,1,Fall
1261,1,Sunday,12,347,51,December,12,2004,1,Fall
1262,2,Monday,13,348,51,December,12,2004,1,Fall
1263,3,Tuesday,14,349,51,December,12,2004,1,Fall
1264,4,Wednesday,15,350,51,December,12,2004,1,Fall
1265,5,Thursday,16,351,51,December,12,2004,1,Fall
1266,6,Friday,17,352,51,December,12,2004,1,Fall
1267,7,Saturday,18,353,51,December,12,2004,1,Fall
1268,1,Sunday,19,354,52,December,12,2004,1,Fall
1269,2,Monday,20,355,52,December,12,2004,1,Fall
1270,3,Tuesday,21,356,52,December,12,2004,1,Fall
1271,4,Wednesday,22,357,52,December,12,2004,1,Fall
1272,5,Thursday,23,358,52,December,12,2004,1,Fall
1273,6,Friday,24,359,52,December,12,2004,1,Fall
1274,7,Saturday,25,360,52,December,12,2004,1,Fall
1275,1,Sunday,26,361,53,December,12,2004,1,Fall
1276,2,Monday,27,362,53,December,12,2004,1,Fall
1277,3,Tuesday,28,363,53,December,12,2004,1,Fall
1278,4,Wednesday,29,364,53,December,12,2004,1,Fall
1279,5,Thursday,30,365,53,December,12,2004,1,Fall
1280,6,Friday,31,366,53,December,12,2004,1,Fall
1281,7,Saturday,1,1,1,January,1,2005,2,Spring
1282,1,Sunday,2,2,2,January,1,2005,2,Spring
1283,2,Monday,3,3,2,January,1,2005,2,Spring
1284,3,Tuesday,4,4,2,January,1,2005,2,Spring
1285,4,Wednesday,5,5,2,January,1,2005,2,Spring
1286,5,Thursday,6,6,2,January,1,2005,2,Spring
1287,6,Friday,7,7,2,January,1,2005,2,Spring
1288,7,Saturday,8,8,2,January,1,2005,2,Spring
1289,1,Sunday,9,9,3,January,1,2005,2,Spring
1290,2,Monday,10,10,3,January,1,2005,2,Spring
1291,3,Tuesday,11,11,3,January,1,2005,2,Spring
1292,4,Wednesday,12,12,3,January,1,2005,2,Spring
1293,5,Thursday,13,13,3,January,1,2005,2,Spring
1294,6,Friday,14,14,3,January,1,2005,2,Spring
1295,7,Saturday,15,15,3,January,1,2005,2,Spring
1296,1,Sunday,16,16,4,January,1,2005,2,Spring
1297,2,Monday,17,17,4,January,1,2005,2,Spring
1298,3,Tuesday,18,18,4,January,1,2005,2,Spring
1299,4,Wednesday,19,19,4,January,1,2005,2,Spring
1300,5,Thursday,20,20,4,January,1,2005,2,Spring
1301,6,Friday,21,21,4,January,1,2005,2,Spring
1302,7,Saturday,22,22,4,January,1,2005,2,Spring
1303,1,Sunday,23,23,5,January,1,2005,2,Spring
1304,2,Monday,24,24,5,January,1,2005,2,Spring
1305,3,Tuesday,25,25,5,January,1,2005,2,Spring
1306,4,Wednesday,26,26,5,January,1,2005,2,Spring
1307,5,Thursday,27,27,5,January,1,2005,2,Spring
1308,6,Friday,28,28,5,January,1,2005,2,Spring
1309,7,Saturday,29,29,5,January,1,2005,2,Spring
1310,1,Sunday,30,30,6,January,1,2005,2,Spring
1311,2,Monday,31,31,6,January,1,2005,2,Spring
1312,3,Tuesday,1,32,6,February,2,2005,2,Spring
1313,4,Wednesday,2,33,6,February,2,2005,2,Spring
1314,5,Thursday,3,34,6,February,2,2005,2,Spring
1315,6,Friday,4,35,6,February,2,2005,2,Spring
1316,7,Saturday,5,36,6,February,2,2005,2,Spring
1317,1,Sunday,6,37,7,February,2,2005,2,Spring
1318,2,Monday,7,38,7,February,2,2005,2,Spring
1319,3,Tuesday,8,39,7,February,2,2005,2,Spring
1320,4,Wednesday,9,40,7,February,2,2005,2,Spring
1321,5,Thursday,10,41,7,February,2,2005,2,Spring
1322,6,Friday,11,42,7,February,2,2005,2,Spring
1323,7,Saturday,12,43,7,February,2,2005,2,Spring
1324,1,Sunday,13,44,8,February,2,2005,2,Spring
1325,2,Monday,14,45,8,February,2,2005,2,Spring
1326,3,Tuesday,15,46,8,February,2,2005,2,Spring
1327,4,Wednesday,16,47,8,February,2,2005,2,Spring
1328,5,Thursday,17,48,8,February,2,2005,2,Spring
1329,6,Friday,18,49,8,February,2,2005,2,Spring
1330,7,Saturday,19,50,8,February,2,2005,2,Spring
1331,1,Sunday,20,51,9,February,2,2005,2,Spring
1332,2,Monday,21,52,9,February,2,2005,2,Spring
1333,3,Tuesday,22,53,9,February,2,2005,2,Spring
1334,4,Wednesday,23,54,9,February,2,2005,2,Spring
1335,5,Thursday,24,55,9,February,2,2005,2,Spring
1336,6,Friday,25,56,9,February,2,2005,2,Spring
1337,7,Saturday,26,57,9,February,2,2005,2,Spring
1338,1,Sunday,27,58,10,February,2,2005,2,Spring
1339,2,Monday,28,59,10,February,2,2005,2,Spring
1340,3,Tuesday,1,60,10,March,3,2005,2,Spring
1341,4,Wednesday,2,61,10,March,3,2005,2,Spring
1342,5,Thursday,3,62,10,March,3,2005,2,Spring
1343,6,Friday,4,63,10,March,3,2005,2,Spring
1344,7,Saturday,5,64,10,March,3,2005,2,Spring
1345,1,Sunday,6,65,11,March,3,2005,2,Spring
1346,2,Monday,7,66,11,March,3,2005,2,Spring
1347,3,Tuesday,8,67,11,March,3,2005,2,Spring
1348,4,Wednesday,9,68,11,March,3,2005,2,Spring
1349,5,Thursday,10,69,11,March,3,2005,2,Spring
1350,6,Friday,11,70,11,March,3,2005,2,Spring
1351,7,Saturday,12,71,11,March,3,2005,2,Spring
1352,1,Sunday,13,72,12,March,3,2005,2,Spring
1353,2,Monday,14,73,12,March,3,2005,2,Spring
1354,3,Tuesday,15,74,12,March,3,2005,2,Spring
1355,4,Wednesday,16,75,12,March,3,2005,2,Spring
1356,5,Thursday,17,76,12,March,3,2005,2,Spring
1357,6,Friday,18,77,12,March,3,2005,2,Spring
1358,7,Saturday,19,78,12,March,3,2005,2,Spring
1359,1,Sunday,20,79,13,March,3,2005,2,Spring
1360,2,Monday,21,80,13,March,3,2005,2,Spring
1361,3,Tuesday,22,81,13,March,3,2005,2,Spring
1362,4,Wednesday,23,82,13,March,3,2005,2,Spring
1363,5,Thursday,24,83,13,March,3,2005,2,Spring
1364,6,Friday,25,84,13,March,3,2005,2,Spring
1365,7,Saturday,26,85,13,March,3,2005,2,Spring
1366,1,Sunday,27,86,14,March,3,2005,2,Spring
1367,2,Monday,28,87,14,March,3,2005,2,Spring
1368,3,Tuesday,29,88,14,March,3,2005,2,Spring
1369,4,Wednesday,30,89,14,March,3,2005,2,Spring
1370,5,Thursday,31,90,14,March,3,2005,2,Spring
1371,6,Friday,1,91,14,April,4,2005,2,Spring
1372,7,Saturday,2,92,14,April,4,2005,2,Spring
1373,1,Sunday,3,93,15,April,4,2005,2,Spring
1374,2,Monday,4,94,15,April,4,2005,2,Spring
1375,3,Tuesday,5,95,15,April,4,2005,2,Spring
1376,4,Wednesday,6,96,15,April,4,2005,2,Spring
1377,5,Thursday,7,97,15,April,4,2005,2,Spring
1378,6,Friday,8,98,15,April,4,2005,2,Spring
1379,7,Saturday,9,99,15,April,4,2005,2,Spring
1380,1,Sunday,10,100,16,April,4,2005,2,Spring
1381,2,Monday,11,101,16,April,4,2005,2,Spring
1382,3,Tuesday,12,102,16,April,4,2005,2,Spring
1383,4,Wednesday,13,103,16,April,4,2005,2,Spring
1384,5,Thursday,14,104,16,April,4,2005,2,Spring
1385,6,Friday,15,105,16,April,4,2005,2,Spring
1386,7,Saturday,16,106,16,April,4,2005,2,Spring
1387,1,Sunday,17,107,17,April,4,2005,2,Spring
1388,2,Monday,18,108,17,April,4,2005,2,Spring
1389,3,Tuesday,19,109,17,April,4,2005,2,Spring
1390,4,Wednesday,20,110,17,April,4,2005,2,Spring
1391,5,Thursday,21,111,17,April,4,2005,2,Spring
1392,6,Friday,22,112,17,April,4,2005,2,Spring
1393,7,Saturday,23,113,17,April,4,2005,2,Spring
1394,1,Sunday,24,114,18,April,4,2005,2,Spring
1395,2,Monday,25,115,18,April,4,2005,2,Spring
1396,3,Tuesday,26,116,18,April,4,2005,2,Spring
1397,4,Wednesday,27,117,18,April,4,2005,2,Spring
1398,5,Thursday,28,118,18,April,4,2005,2,Spring
1399,6,Friday,29,119,18,April,4,2005,2,Spring
1400,7,Saturday,30,120,18,April,4,2005,2,Spring
1401,1,Sunday,1,121,19,May,5,2005,2,Spring
1402,2,Monday,2,122,19,May,5,2005,2,Spring
1403,3,Tuesday,3,123,19,May,5,2005,2,Spring
1404,4,Wednesday,4,124,19,May,5,2005,2,Spring
1405,5,Thursday,5,125,19,May,5,2005,2,Spring
1406,6,Friday,6,126,19,May,5,2005,2,Spring
1407,7,Saturday,7,127,19,May,5,2005,2,Spring
1408,1,Sunday,8,128,20,May,5,2005,2,Spring
1409,2,Monday,9,129,20,May,5,2005,2,Spring
1410,3,Tuesday,10,130,20,May,5,2005,2,Spring
1411,4,Wednesday,11,131,20,May,5,2005,2,Spring
1412,5,Thursday,12,132,20,May,5,2005,2,Spring
1413,6,Friday,13,133,20,May,5,2005,2,Spring
1414,7,Saturday,14,134,20,May,5,2005,2,Spring
1415,1,Sunday,15,135,21,May,5,2005,2,Spring
1416,2,Monday,16,136,21,May,5,2005,2,Spring
1417,3,Tuesday,17,137,21,May,5,2005,2,Spring
1418,4,Wednesday,18,138,21,May,5,2005,2,Spring
1419,5,Thursday,19,139,21,May,5,2005,2,Spring
1420,6,Friday,20,140,21,May,5,2005,2,Spring
1421,7,Saturday,21,141,21,May,5,2005,2,Spring
1422,1,Sunday,22,142,22,May,5,2005,2,Spring
1423,2,Monday,23,143,22,May,5,2005,2,Spring
1424,3,Tuesday,24,144,22,May,5,2005,2,Spring
1425,4,Wednesday,25,145,22,May,5,2005,2,Spring
1426,5,Thursday,26,146,22,May,5,2005,2,Spring
1427,6,Friday,27,147,22,May,5,2005,2,Spring
1428,7,Saturday,28,148,22,May,5,2005,2,Spring
1429,1,Sunday,29,149,23,May,5,2005,2,Spring
1430,2,Monday,30,150,23,May,5,2005,2,Spring
1431,3,Tuesday,31,151,23,May,5,2005,2,Spring
1432,4,Wednesday,1,152,23,June,6,2005,3,Summer
1433,5,Thursday,2,153,23,June,6,2005,3,Summer
1434,6,Friday,3,154,23,June,6,2005,3,Summer
1435,7,Saturday,4,155,23,June,6,2005,3,Summer
1436,1,Sunday,5,156,24,June,6,2005,3,Summer
1437,2,Monday,6,157,24,June,6,2005,3,Summer
1438,3,Tuesday,7,158,24,June,6,2005,3,Summer
1439,4,Wednesday,8,159,24,June,6,2005,3,Summer
1440,5,Thursday,9,160,24,June,6,2005,3,Summer
1441,6,Friday,10,161,24,June,6,2005,3,Summer
1442,7,Saturday,11,162,24,June,6,2005,3,Summer
1443,1,Sunday,12,163,25,June,6,2005,3,Summer
1444,2,Monday,13,164,25,June,6,2005,3,Summer
1445,3,Tuesday,14,165,25,June,6,2005,3,Summer
1446,4,Wednesday,15,166,25,June,6,2005,3,Summer
1447,5,Thursday,16,167,25,June,6,2005,3,Summer
1448,6,Friday,17,168,25,June,6,2005,3,Summer
1449,7,Saturday,18,169,25,June,6,2005,3,Summer
1450,1,Sunday,19,170,26,June,6,2005,3,Summer
1451,2,Monday,20,171,26,June,6,2005,3,Summer
1452,3,Tuesday,21,172,26,June,6,2005,3,Summer
1453,4,Wednesday,22,173,26,June,6,2005,3,Summer
1454,5,Thursday,23,174,26,June,6,2005,3,Summer
1455,6,Friday,24,175,26,June,6,2005,3,Summer
1456,7,Saturday,25,176,26,June,6,2005,3,Summer
1457,1,Sunday,26,177,27,June,6,2005,3,Summer
1458,2,Monday,27,178,27,June,6,2005,3,Summer
1459,3,Tuesday,28,179,27,June,6,2005,3,Summer
1460,4,Wednesday,29,180,27,June,6,2005,3,Summer
1461,5,Thursday,30,181,27,June,6,2005,3,Summer
1462,6,Friday,1,182,27,July,7,2005,3,Summer
1463,7,Saturday,2,183,27,July,7,2005,3,Summer
1464,1,Sunday,3,184,28,July,7,2005,3,Summer
1465,2,Monday,4,185,28,July,7,2005,3,Summer
1466,3,Tuesday,5,186,28,July,7,2005,3,Summer
1467,4,Wednesday,6,187,28,July,7,2005,3,Summer
1468,5,Thursday,7,188,28,July,7,2005,3,Summer
1469,6,Friday,8,189,28,July,7,2005,3,Summer
1470,7,Saturday,9,190,28,July,7,2005,3,Summer
1471,1,Sunday,10,191,29,July,7,2005,3,Summer
1472,2,Monday,11,192,29,July,7,2005,3,Summer
1473,3,Tuesday,12,193,29,July,7,2005,3,Summer
1474,4,Wednesday,13,194,29,July,7,2005,3,Summer
1475,5,Thursday,14,195,29,July,7,2005,3,Summer
1476,6,Friday,15,196,29,July,7,2005,3,Summer
1477,7,Saturday,16,197,29,July,7,2005,3,Summer
1478,1,Sunday,17,198,30,July,7,2005,3,Summer
1479,2,Monday,18,199,30,July,7,2005,3,Summer
1480,3,Tuesday,19,200,30,July,7,2005,3,Summer
1481,4,Wednesday,20,201,30,July,7,2005,3,Summer
1482,5,Thursday,21,202,30,July,7,2005,3,Summer
1483,6,Friday,22,203,30,July,7,2005,3,Summer
1484,7,Saturday,23,204,30,July,7,2005,3,Summer
1485,1,Sunday,24,205,31,July,7,2005,3,Summer
1486,2,Monday,25,206,31,July,7,2005,3,Summer
1487,3,Tuesday,26,207,31,July,7,2005,3,Summer
1488,4,Wednesday,27,208,31,July,7,2005,3,Summer
1489,5,Thursday,28,209,31,July,7,2005,3,Summer
1490,6,Friday,29,210,31,July,7,2005,3,Summer
1491,7,Saturday,30,211,31,July,7,2005,3,Summer
1492,1,Sunday,31,212,32,July,7,2005,3,Summer
1493,2,Monday,1,213,32,August,8,2005,3,Summer
1494,3,Tuesday,2,214,32,August,8,2005,3,Summer
1495,4,Wednesday,3,215,32,August,8,2005,3,Summer
1496,5,Thursday,4,216,32,August,8,2005,3,Summer
1497,6,Friday,5,217,32,August,8,2005,3,Summer
1498,7,Saturday,6,218,32,August,8,2005,3,Summer
1499,1,Sunday,7,219,33,August,8,2005,3,Summer
1500,2,Monday,8,220,33,August,8,2005,3,Summer
1501,3,Tuesday,9,221,33,August,8,2005,3,Summer
1502,4,Wednesday,10,222,33,August,8,2005,3,Summer
1503,5,Thursday,11,223,33,August,8,2005,3,Summer
1504,6,Friday,12,224,33,August,8,2005,3,Summer
1505,7,Saturday,13,225,33,August,8,2005,3,Summer
1506,1,Sunday,14,226,34,August,8,2005,3,Summer
1507,2,Monday,15,227,34,August,8,2005,3,Summer
1508,3,Tuesday,16,228,34,August,8,2005,3,Summer
1509,4,Wednesday,17,229,34,August,8,2005,3,Summer
1510,5,Thursday,18,230,34,August,8,2005,3,Summer
1511,6,Friday,19,231,34,August,8,2005,3,Summer
1512,7,Saturday,20,232,34,August,8,2005,3,Summer
1513,1,Sunday,21,233,35,August,8,2005,3,Summer
1514,2,Monday,22,234,35,August,8,2005,3,Summer
1515,3,Tuesday,23,235,35,August,8,2005,3,Summer
1516,4,Wednesday,24,236,35,August,8,2005,3,Summer
1517,5,Thursday,25,237,35,August,8,2005,3,Summer
1518,6,Friday,26,238,35,August,8,2005,3,Summer
1519,7,Saturday,27,239,35,August,8,2005,3,Summer
1520,1,Sunday,28,240,36,August,8,2005,3,Summer
1521,2,Monday,29,241,36,August,8,2005,3,Summer
1522,3,Tuesday,30,242,36,August,8,2005,3,Summer
1523,4,Wednesday,31,243,36,August,8,2005,3,Summer
1524,5,Thursday,1,244,36,September,9,2005,1,Fall
1525,6,Friday,2,245,36,September,9,2005,1,Fall
1526,7,Saturday,3,246,36,September,9,2005,1,Fall
1527,1,Sunday,4,247,37,September,9,2005,1,Fall
1528,2,Monday,5,248,37,September,9,2005,1,Fall
1529,3,Tuesday,6,249,37,September,9,2005,1,Fall
1530,4,Wednesday,7,250,37,September,9,2005,1,Fall
1531,5,Thursday,8,251,37,September,9,2005,1,Fall
1532,6,Friday,9,252,37,September,9,2005,1,Fall
1533,7,Saturday,10,253,37,September,9,2005,1,Fall
1534,1,Sunday,11,254,38,September,9,2005,1,Fall
1535,2,Monday,12,255,38,September,9,2005,1,Fall
1536,3,Tuesday,13,256,38,September,9,2005,1,Fall
1537,4,Wednesday,14,257,38,September,9,2005,1,Fall
1538,5,Thursday,15,258,38,September,9,2005,1,Fall
1539,6,Friday,16,259,38,September,9,2005,1,Fall
1540,7,Saturday,17,260,38,September,9,2005,1,Fall
1541,1,Sunday,18,261,39,September,9,2005,1,Fall
1542,2,Monday,19,262,39,September,9,2005,1,Fall
1543,3,Tuesday,20,263,39,September,9,2005,1,Fall
1544,4,Wednesday,21,264,39,September,9,2005,1,Fall
1545,5,Thursday,22,265,39,September,9,2005,1,Fall
1546,6,Friday,23,266,39,September,9,2005,1,Fall
1547,7,Saturday,24,267,39,September,9,2005,1,Fall
1548,1,Sunday,25,268,40,September,9,2005,1,Fall
1549,2,Monday,26,269,40,September,9,2005,1,Fall
1550,3,Tuesday,27,270,40,September,9,2005,1,Fall
1551,4,Wednesday,28,271,40,September,9,2005,1,Fall
1552,5,Thursday,29,272,40,September,9,2005,1,Fall
1553,6,Friday,30,273,40,September,9,2005,1,Fall
1554,7,Saturday,1,274,40,October,10,2005,1,Fall
1555,1,Sunday,2,275,41,October,10,2005,1,Fall
1556,2,Monday,3,276,41,October,10,2005,1,Fall
1557,3,Tuesday,4,277,41,October,10,2005,1,Fall
1558,4,Wednesday,5,278,41,October,10,2005,1,Fall
1559,5,Thursday,6,279,41,October,10,2005,1,Fall
1560,6,Friday,7,280,41,October,10,2005,1,Fall
1561,7,Saturday,8,281,41,October,10,2005,1,Fall
1562,1,Sunday,9,282,42,October,10,2005,1,Fall
1563,2,Monday,10,283,42,October,10,2005,1,Fall
1564,3,Tuesday,11,284,42,October,10,2005,1,Fall
1565,4,Wednesday,12,285,42,October,10,2005,1,Fall
1566,5,Thursday,13,286,42,October,10,2005,1,Fall
1567,6,Friday,14,287,42,October,10,2005,1,Fall
1568,7,Saturday,15,288,42,October,10,2005,1,Fall
1569,1,Sunday,16,289,43,October,10,2005,1,Fall
1570,2,Monday,17,290,43,October,10,2005,1,Fall
1571,3,Tuesday,18,291,43,October,10,2005,1,Fall
1572,4,Wednesday,19,292,43,October,10,2005,1,Fall
1573,5,Thursday,20,293,43,October,10,2005,1,Fall
1574,6,Friday,21,294,43,October,10,2005,1,Fall
1575,7,Saturday,22,295,43,October,10,2005,1,Fall
1576,1,Sunday,23,296,44,October,10,2005,1,Fall
1577,2,Monday,24,297,44,October,10,2005,1,Fall
1578,3,Tuesday,25,298,44,October,10,2005,1,Fall
1579,4,Wednesday,26,299,44,October,10,2005,1,Fall
1580,5,Thursday,27,300,44,October,10,2005,1,Fall
1581,6,Friday,28,301,44,October,10,2005,1,Fall
1582,7,Saturday,29,302,44,October,10,2005,1,Fall
1583,1,Sunday,30,303,45,October,10,2005,1,Fall
1584,2,Monday,31,304,45,October,10,2005,1,Fall
1585,3,Tuesday,1,305,45,November,11,2005,1,Fall
1586,4,Wednesday,2,306,45,November,11,2005,1,Fall
1587,5,Thursday,3,307,45,November,11,2005,1,Fall
1588,6,Friday,4,308,45,November,11,2005,1,Fall
1589,7,Saturday,5,309,45,November,11,2005,1,Fall
1590,1,Sunday,6,310,46,November,11,2005,1,Fall
1591,2,Monday,7,311,46,November,11,2005,1,Fall
1592,3,Tuesday,8,312,46,November,11,2005,1,Fall
1593,4,Wednesday,9,313,46,November,11,2005,1,Fall
1594,5,Thursday,10,314,46,November,11,2005,1,Fall
1595,6,Friday,11,315,46,November,11,2005,1,Fall
1596,7,Saturday,12,316,46,November,11,2005,1,Fall
1597,1,Sunday,13,317,47,November,11,2005,1,Fall
1598,2,Monday,14,318,47,November,11,2005,1,Fall
1599,3,Tuesday,15,319,47,November,11,2005,1,Fall
1600,4,Wednesday,16,320,47,November,11,2005,1,Fall
1601,5,Thursday,17,321,47,November,11,2005,1,Fall
1602,6,Friday,18,322,47,November,11,2005,1,Fall
1603,7,Saturday,19,323,47,November,11,2005,1,Fall
1604,1,Sunday,20,324,48,November,11,2005,1,Fall
1605,2,Monday,21,325,48,November,11,2005,1,Fall
1606,3,Tuesday,22,326,48,November,11,2005,1,Fall
1607,4,Wednesday,23,327,48,November,11,2005,1,Fall
1608,5,Thursday,24,328,48,November,11,2005,1,Fall
1609,6,Friday,25,329,48,November,11,2005,1,Fall
1610,7,Saturday,26,330,48,November,11,2005,1,Fall
1611,1,Sunday,27,331,49,November,11,2005,1,Fall
1612,2,Monday,28,332,49,November,11,2005,1,Fall
1613,3,Tuesday,29,333,49,November,11,2005,1,Fall
1614,4,Wednesday,30,334,49,November,11,2005,1,Fall
1615,5,Thursday,1,335,49,December,12,2005,1,Fall
1616,6,Friday,2,336,49,December,12,2005,1,Fall
1617,7,Saturday,3,337,49,December,12,2005,1,Fall
1618,1,Sunday,4,338,50,December,12,2005,1,Fall
1619,2,Monday,5,339,50,December,12,2005,1,Fall
1620,3,Tuesday,6,340,50,December,12,2005,1,Fall
1621,4,Wednesday,7,341,50,December,12,2005,1,Fall
1622,5,Thursday,8,342,50,December,12,2005,1,Fall
1623,6,Friday,9,343,50,December,12,2005,1,Fall
1624,7,Saturday,10,344,50,December,12,2005,1,Fall
1625,1,Sunday,11,345,51,December,12,2005,1,Fall
1626,2,Monday,12,346,51,December,12,2005,1,Fall
1627,3,Tuesday,13,347,51,December,12,2005,1,Fall
1628,4,Wednesday,14,348,51,December,12,2005,1,Fall
1629,5,Thursday,15,349,51,December,12,2005,1,Fall
1630,6,Friday,16,350,51,December,12,2005,1,Fall
1631,7,Saturday,17,351,51,December,12,2005,1,Fall
1632,1,Sunday,18,352,52,December,12,2005,1,Fall
1633,2,Monday,19,353,52,December,12,2005,1,Fall
1634,3,Tuesday,20,354,52,December,12,2005,1,Fall
1635,4,Wednesday,21,355,52,December,12,2005,1,Fall
1636,5,Thursday,22,356,52,December,12,2005,1,Fall
1637,6,Friday,23,357,52,December,12,2005,1,Fall
1638,7,Saturday,24,358,52,December,12,2005,1,Fall
1639,1,Sunday,25,359,53,December,12,2005,1,Fall
1640,2,Monday,26,360,53,December,12,2005,1,Fall
1641,3,Tuesday,27,361,53,December,12,2005,1,Fall
1642,4,Wednesday,28,362,53,December,12,2005,1,Fall
1643,5,Thursday,29,363,53,December,12,2005,1,Fall
1644,6,Friday,30,364,53,December,12,2005,1,Fall
1645,7,Saturday,31,365,53,December,12,2005,1,Fall
1646,1,Sunday,1,1,1,January,1,2006,2,Spring
1647,2,Monday,2,2,1,January,1,2006,2,Spring
1648,3,Tuesday,3,3,1,January,1,2006,2,Spring
1649,4,Wednesday,4,4,1,January,1,2006,2,Spring
1650,5,Thursday,5,5,1,January,1,2006,2,Spring
1651,6,Friday,6,6,1,January,1,2006,2,Spring
1652,7,Saturday,7,7,1,January,1,2006,2,Spring
1653,1,Sunday,8,8,2,January,1,2006,2,Spring
1654,2,Monday,9,9,2,January,1,2006,2,Spring
1655,3,Tuesday,10,10,2,January,1,2006,2,Spring
1656,4,Wednesday,11,11,2,January,1,2006,2,Spring
1657,5,Thursday,12,12,2,January,1,2006,2,Spring
1658,6,Friday,13,13,2,January,1,2006,2,Spring
1659,7,Saturday,14,14,2,January,1,2006,2,Spring
1660,1,Sunday,15,15,3,January,1,2006,2,Spring
1661,2,Monday,16,16,3,January,1,2006,2,Spring
1662,3,Tuesday,17,17,3,January,1,2006,2,Spring
1663,4,Wednesday,18,18,3,January,1,2006,2,Spring
1664,5,Thursday,19,19,3,January,1,2006,2,Spring
1665,6,Friday,20,20,3,January,1,2006,2,Spring
1666,7,Saturday,21,21,3,January,1,2006,2,Spring
1667,1,Sunday,22,22,4,January,1,2006,2,Spring
1668,2,Monday,23,23,4,January,1,2006,2,Spring
1669,3,Tuesday,24,24,4,January,1,2006,2,Spring
1670,4,Wednesday,25,25,4,January,1,2006,2,Spring
1671,5,Thursday,26,26,4,January,1,2006,2,Spring
1672,6,Friday,27,27,4,January,1,2006,2,Spring
1673,7,Saturday,28,28,4,January,1,2006,2,Spring
1674,1,Sunday,29,29,5,January,1,2006,2,Spring
1675,2,Monday,30,30,5,January,1,2006,2,Spring
1676,3,Tuesday,31,31,5,January,1,2006,2,Spring
1677,4,Wednesday,1,32,5,February,2,2006,2,Spring
1678,5,Thursday,2,33,5,February,2,2006,2,Spring
1679,6,Friday,3,34,5,February,2,2006,2,Spring
1680,7,Saturday,4,35,5,February,2,2006,2,Spring
1681,1,Sunday,5,36,6,February,2,2006,2,Spring
1682,2,Monday,6,37,6,February,2,2006,2,Spring
1683,3,Tuesday,7,38,6,February,2,2006,2,Spring
1684,4,Wednesday,8,39,6,February,2,2006,2,Spring
1685,5,Thursday,9,40,6,February,2,2006,2,Spring
1686,6,Friday,10,41,6,February,2,2006,2,Spring
1687,7,Saturday,11,42,6,February,2,2006,2,Spring
1688,1,Sunday,12,43,7,February,2,2006,2,Spring
1689,2,Monday,13,44,7,February,2,2006,2,Spring
1690,3,Tuesday,14,45,7,February,2,2006,2,Spring
1691,4,Wednesday,15,46,7,February,2,2006,2,Spring
1692,5,Thursday,16,47,7,February,2,2006,2,Spring
1693,6,Friday,17,48,7,February,2,2006,2,Spring
1694,7,Saturday,18,49,7,February,2,2006,2,Spring
1695,1,Sunday,19,50,8,February,2,2006,2,Spring
1696,2,Monday,20,51,8,February,2,2006,2,Spring
1697,3,Tuesday,21,52,8,February,2,2006,2,Spring
1698,4,Wednesday,22,53,8,February,2,2006,2,Spring
1699,5,Thursday,23,54,8,February,2,2006,2,Spring
1700,6,Friday,24,55,8,February,2,2006,2,Spring
1701,7,Saturday,25,56,8,February,2,2006,2,Spring
1702,1,Sunday,26,57,9,February,2,2006,2,Spring
1703,2,Monday,27,58,9,February,2,2006,2,Spring
1704,3,Tuesday,28,59,9,February,2,2006,2,Spring
1705,4,Wednesday,1,60,9,March,3,2006,2,Spring
1706,5,Thursday,2,61,9,March,3,2006,2,Spring
1707,6,Friday,3,62,9,March,3,2006,2,Spring
1708,7,Saturday,4,63,9,March,3,2006,2,Spring
1709,1,Sunday,5,64,10,March,3,2006,2,Spring
1710,2,Monday,6,65,10,March,3,2006,2,Spring
1711,3,Tuesday,7,66,10,March,3,2006,2,Spring
1712,4,Wednesday,8,67,10,March,3,2006,2,Spring
1713,5,Thursday,9,68,10,March,3,2006,2,Spring
1714,6,Friday,10,69,10,March,3,2006,2,Spring
1715,7,Saturday,11,70,10,March,3,2006,2,Spring
1716,1,Sunday,12,71,11,March,3,2006,2,Spring
1717,2,Monday,13,72,11,March,3,2006,2,Spring
1718,3,Tuesday,14,73,11,March,3,2006,2,Spring
1719,4,Wednesday,15,74,11,March,3,2006,2,Spring
1720,5,Thursday,16,75,11,March,3,2006,2,Spring
1721,6,Friday,17,76,11,March,3,2006,2,Spring
1722,7,Saturday,18,77,11,March,3,2006,2,Spring
1723,1,Sunday,19,78,12,March,3,2006,2,Spring
1724,2,Monday,20,79,12,March,3,2006,2,Spring
1725,3,Tuesday,21,80,12,March,3,2006,2,Spring
1726,4,Wednesday,22,81,12,March,3,2006,2,Spring
1727,5,Thursday,23,82,12,March,3,2006,2,Spring
1728,6,Friday,24,83,12,March,3,2006,2,Spring
1729,7,Saturday,25,84,12,March,3,2006,2,Spring
1730,1,Sunday,26,85,13,March,3,2006,2,Spring
1731,2,Monday,27,86,13,March,3,2006,2,Spring
1732,3,Tuesday,28,87,13,March,3,2006,2,Spring
1733,4,Wednesday,29,88,13,March,3,2006,2,Spring
1734,5,Thursday,30,89,13,March,3,2006,2,Spring
1735,6,Friday,31,90,13,March,3,2006,2,Spring
1736,7,Saturday,1,91,13,April,4,2006,2,Spring
1737,1,Sunday,2,92,14,April,4,2006,2,Spring
1738,2,Monday,3,93,14,April,4,2006,2,Spring
1739,3,Tuesday,4,94,14,April,4,2006,2,Spring
1740,4,Wednesday,5,95,14,April,4,2006,2,Spring
1741,5,Thursday,6,96,14,April,4,2006,2,Spring
1742,6,Friday,7,97,14,April,4,2006,2,Spring
1743,7,Saturday,8,98,14,April,4,2006,2,Spring
1744,1,Sunday,9,99,15,April,4,2006,2,Spring
1745,2,Monday,10,100,15,April,4,2006,2,Spring
1746,3,Tuesday,11,101,15,April,4,2006,2,Spring
1747,4,Wednesday,12,102,15,April,4,2006,2,Spring
1748,5,Thursday,13,103,15,April,4,2006,2,Spring
1749,6,Friday,14,104,15,April,4,2006,2,Spring
1750,7,Saturday,15,105,15,April,4,2006,2,Spring
1751,1,Sunday,16,106,16,April,4,2006,2,Spring
1752,2,Monday,17,107,16,April,4,2006,2,Spring
1753,3,Tuesday,18,108,16,April,4,2006,2,Spring
1754,4,Wednesday,19,109,16,April,4,2006,2,Spring
1755,5,Thursday,20,110,16,April,4,2006,2,Spring
1756,6,Friday,21,111,16,April,4,2006,2,Spring
1757,7,Saturday,22,112,16,April,4,2006,2,Spring
1758,1,Sunday,23,113,17,April,4,2006,2,Spring
1759,2,Monday,24,114,17,April,4,2006,2,Spring
1760,3,Tuesday,25,115,17,April,4,2006,2,Spring
1761,4,Wednesday,26,116,17,April,4,2006,2,Spring
1762,5,Thursday,27,117,17,April,4,2006,2,Spring
1763,6,Friday,28,118,17,April,4,2006,2,Spring
1764,7,Saturday,29,119,17,April,4,2006,2,Spring
1765,1,Sunday,30,120,18,April,4,2006,2,Spring
1766,2,Monday,1,121,18,May,5,2006,2,Spring
1767,3,Tuesday,2,122,18,May,5,2006,2,Spring
1768,4,Wednesday,3,123,18,May,5,2006,2,Spring
1769,5,Thursday,4,124,18,May,5,2006,2,Spring
1770,6,Friday,5,125,18,May,5,2006,2,Spring
1771,7,Saturday,6,126,18,May,5,2006,2,Spring
1772,1,Sunday,7,127,19,May,5,2006,2,Spring
1773,2,Monday,8,128,19,May,5,2006,2,Spring
1774,3,Tuesday,9,129,19,May,5,2006,2,Spring
1775,4,Wednesday,10,130,19,May,5,2006,2,Spring
1776,5,Thursday,11,131,19,May,5,2006,2,Spring
1777,6,Friday,12,132,19,May,5,2006,2,Spring
1778,7,Saturday,13,133,19,May,5,2006,2,Spring
1779,1,Sunday,14,134,20,May,5,2006,2,Spring
1780,2,Monday,15,135,20,May,5,2006,2,Spring
1781,3,Tuesday,16,136,20,May,5,2006,2,Spring
1782,4,Wednesday,17,137,20,May,5,2006,2,Spring
1783,5,Thursday,18,138,20,May,5,2006,2,Spring
1784,6,Friday,19,139,20,May,5,2006,2,Spring
1785,7,Saturday,20,140,20,May,5,2006,2,Spring
1786,1,Sunday,21,141,21,May,5,2006,2,Spring
1787,2,Monday,22,142,21,May,5,2006,2,Spring
1788,3,Tuesday,23,143,21,May,5,2006,2,Spring
1789,4,Wednesday,24,144,21,May,5,2006,2,Spring
1790,5,Thursday,25,145,21,May,5,2006,2,Spring
1791,6,Friday,26,146,21,May,5,2006,2,Spring
1792,7,Saturday,27,147,21,May,5,2006,2,Spring
1793,1,Sunday,28,148,22,May,5,2006,2,Spring
1794,2,Monday,29,149,22,May,5,2006,2,Spring
1795,3,Tuesday,30,150,22,May,5,2006,2,Spring
1796,4,Wednesday,31,151,22,May,5,2006,2,Spring
1797,5,Thursday,1,152,22,June,6,2006,3,Summer
1798,6,Friday,2,153,22,June,6,2006,3,Summer
1799,7,Saturday,3,154,22,June,6,2006,3,Summer
1800,1,Sunday,4,155,23,June,6,2006,3,Summer
1801,2,Monday,5,156,23,June,6,2006,3,Summer
1802,3,Tuesday,6,157,23,June,6,2006,3,Summer
1803,4,Wednesday,7,158,23,June,6,2006,3,Summer
1804,5,Thursday,8,159,23,June,6,2006,3,Summer
1805,6,Friday,9,160,23,June,6,2006,3,Summer
1806,7,Saturday,10,161,23,June,6,2006,3,Summer
1807,1,Sunday,11,162,24,June,6,2006,3,Summer
1808,2,Monday,12,163,24,June,6,2006,3,Summer
1809,3,Tuesday,13,164,24,June,6,2006,3,Summer
1810,4,Wednesday,14,165,24,June,6,2006,3,Summer
1811,5,Thursday,15,166,24,June,6,2006,3,Summer
1812,6,Friday,16,167,24,June,6,2006,3,Summer
1813,7,Saturday,17,168,24,June,6,2006,3,Summer
1814,1,Sunday,18,169,25,June,6,2006,3,Summer
1815,2,Monday,19,170,25,June,6,2006,3,Summer
1816,3,Tuesday,20,171,25,June,6,2006,3,Summer
1817,4,Wednesday,21,172,25,June,6,2006,3,Summer
1818,5,Thursday,22,173,25,June,6,2006,3,Summer
1819,6,Friday,23,174,25,June,6,2006,3,Summer
1820,7,Saturday,24,175,25,June,6,2006,3,Summer
1821,1,Sunday,25,176,26,June,6,2006,3,Summer
1822,2,Monday,26,177,26,June,6,2006,3,Summer
1823,3,Tuesday,27,178,26,June,6,2006,3,Summer
1824,4,Wednesday,28,179,26,June,6,2006,3,Summer
1825,5,Thursday,29,180,26,June,6,2006,3,Summer
1826,6,Friday,30,181,26,June,6,2006,3,Summer
1827,7,Saturday,1,182,26,July,7,2006,3,Summer
1828,1,Sunday,2,183,27,July,7,2006,3,Summer
1829,2,Monday,3,184,27,July,7,2006,3,Summer
1830,3,Tuesday,4,185,27,July,7,2006,3,Summer
1831,4,Wednesday,5,186,27,July,7,2006,3,Summer
1832,5,Thursday,6,187,27,July,7,2006,3,Summer
1833,6,Friday,7,188,27,July,7,2006,3,Summer
1834,7,Saturday,8,189,27,July,7,2006,3,Summer
1835,1,Sunday,9,190,28,July,7,2006,3,Summer
1836,2,Monday,10,191,28,July,7,2006,3,Summer
1837,3,Tuesday,11,192,28,July,7,2006,3,Summer
1838,4,Wednesday,12,193,28,July,7,2006,3,Summer
1839,5,Thursday,13,194,28,July,7,2006,3,Summer
1840,6,Friday,14,195,28,July,7,2006,3,Summer
1841,7,Saturday,15,196,28,July,7,2006,3,Summer
1842,1,Sunday,16,197,29,July,7,2006,3,Summer
1843,2,Monday,17,198,29,July,7,2006,3,Summer
1844,3,Tuesday,18,199,29,July,7,2006,3,Summer
1845,4,Wednesday,19,200,29,July,7,2006,3,Summer
1846,5,Thursday,20,201,29,July,7,2006,3,Summer
1847,6,Friday,21,202,29,July,7,2006,3,Summer
1848,7,Saturday,22,203,29,July,7,2006,3,Summer
1849,1,Sunday,23,204,30,July,7,2006,3,Summer
1850,2,Monday,24,205,30,July,7,2006,3,Summer
1851,3,Tuesday,25,206,30,July,7,2006,3,Summer
1852,4,Wednesday,26,207,30,July,7,2006,3,Summer
1853,5,Thursday,27,208,30,July,7,2006,3,Summer
1854,6,Friday,28,209,30,July,7,2006,3,Summer
1855,7,Saturday,29,210,30,July,7,2006,3,Summer
1856,1,Sunday,30,211,31,July,7,2006,3,Summer
1857,2,Monday,31,212,31,July,7,2006,3,Summer
1858,3,Tuesday,1,213,31,August,8,2006,3,Summer
1859,4,Wednesday,2,214,31,August,8,2006,3,Summer
1860,5,Thursday,3,215,31,August,8,2006,3,Summer
1861,6,Friday,4,216,31,August,8,2006,3,Summer
1862,7,Saturday,5,217,31,August,8,2006,3,Summer
1863,1,Sunday,6,218,32,August,8,2006,3,Summer
1864,2,Monday,7,219,32,August,8,2006,3,Summer
1865,3,Tuesday,8,220,32,August,8,2006,3,Summer
1866,4,Wednesday,9,221,32,August,8,2006,3,Summer
1867,5,Thursday,10,222,32,August,8,2006,3,Summer
1868,6,Friday,11,223,32,August,8,2006,3,Summer
1869,7,Saturday,12,224,32,August,8,2006,3,Summer
1870,1,Sunday,13,225,33,August,8,2006,3,Summer
1871,2,Monday,14,226,33,August,8,2006,3,Summer
1872,3,Tuesday,15,227,33,August,8,2006,3,Summer
1873,4,Wednesday,16,228,33,August,8,2006,3,Summer
1874,5,Thursday,17,229,33,August,8,2006,3,Summer
1875,6,Friday,18,230,33,August,8,2006,3,Summer
1876,7,Saturday,19,231,33,August,8,2006,3,Summer
1877,1,Sunday,20,232,34,August,8,2006,3,Summer
1878,2,Monday,21,233,34,August,8,2006,3,Summer
1879,3,Tuesday,22,234,34,August,8,2006,3,Summer
1880,4,Wednesday,23,235,34,August,8,2006,3,Summer
1881,5,Thursday,24,236,34,August,8,2006,3,Summer
1882,6,Friday,25,237,34,August,8,2006,3,Summer
1883,7,Saturday,26,238,34,August,8,2006,3,Summer
1884,1,Sunday,27,239,35,August,8,2006,3,Summer
1885,2,Monday,28,240,35,August,8,2006,3,Summer
1886,3,Tuesday,29,241,35,August,8,2006,3,Summer
1887,4,Wednesday,30,242,35,August,8,2006,3,Summer
1888,5,Thursday,31,243,35,August,8,2006,3,Summer
1889,6,Friday,1,244,35,September,9,2006,1,Fall
1890,7,Saturday,2,245,35,September,9,2006,1,Fall
1891,1,Sunday,3,246,36,September,9,2006,1,Fall
1892,2,Monday,4,247,36,September,9,2006,1,Fall
1893,3,Tuesday,5,248,36,September,9,2006,1,Fall
1894,4,Wednesday,6,249,36,September,9,2006,1,Fall
1895,5,Thursday,7,250,36,September,9,2006,1,Fall
1896,6,Friday,8,251,36,September,9,2006,1,Fall
1897,7,Saturday,9,252,36,September,9,2006,1,Fall
1898,1,Sunday,10,253,37,September,9,2006,1,Fall
1899,2,Monday,11,254,37,September,9,2006,1,Fall
1900,3,Tuesday,12,255,37,September,9,2006,1,Fall
1901,4,Wednesday,13,256,37,September,9,2006,1,Fall
1902,5,Thursday,14,257,37,September,9,2006,1,Fall
1903,6,Friday,15,258,37,September,9,2006,1,Fall
1904,7,Saturday,16,259,37,September,9,2006,1,Fall
1905,1,Sunday,17,260,38,September,9,2006,1,Fall
1906,2,Monday,18,261,38,September,9,2006,1,Fall
1907,3,Tuesday,19,262,38,September,9,2006,1,Fall
1908,4,Wednesday,20,263,38,September,9,2006,1,Fall
1909,5,Thursday,21,264,38,September,9,2006,1,Fall
1910,6,Friday,22,265,38,September,9,2006,1,Fall
1911,7,Saturday,23,266,38,September,9,2006,1,Fall
1912,1,Sunday,24,267,39,September,9,2006,1,Fall
1913,2,Monday,25,268,39,September,9,2006,1,Fall
1914,3,Tuesday,26,269,39,September,9,2006,1,Fall
1915,4,Wednesday,27,270,39,September,9,2006,1,Fall
1916,5,Thursday,28,271,39,September,9,2006,1,Fall
1917,6,Friday,29,272,39,September,9,2006,1,Fall
1918,7,Saturday,30,273,39,September,9,2006,1,Fall
1919,1,Sunday,1,274,40,October,10,2006,1,Fall
1920,2,Monday,2,275,40,October,10,2006,1,Fall
1921,3,Tuesday,3,276,40,October,10,2006,1,Fall
1922,4,Wednesday,4,277,40,October,10,2006,1,Fall
1923,5,Thursday,5,278,40,October,10,2006,1,Fall
1924,6,Friday,6,279,40,October,10,2006,1,Fall
1925,7,Saturday,7,280,40,October,10,2006,1,Fall
1926,1,Sunday,8,281,41,October,10,2006,1,Fall
1927,2,Monday,9,282,41,October,10,2006,1,Fall
1928,3,Tuesday,10,283,41,October,10,2006,1,Fall
1929,4,Wednesday,11,284,41,October,10,2006,1,Fall
1930,5,Thursday,12,285,41,October,10,2006,1,Fall
1931,6,Friday,13,286,41,October,10,2006,1,Fall
1932,7,Saturday,14,287,41,October,10,2006,1,Fall
1933,1,Sunday,15,288,42,October,10,2006,1,Fall
1934,2,Monday,16,289,42,October,10,2006,1,Fall
1935,3,Tuesday,17,290,42,October,10,2006,1,Fall
1936,4,Wednesday,18,291,42,October,10,2006,1,Fall
1937,5,Thursday,19,292,42,October,10,2006,1,Fall
1938,6,Friday,20,293,42,October,10,2006,1,Fall
1939,7,Saturday,21,294,42,October,10,2006,1,Fall
1940,1,Sunday,22,295,43,October,10,2006,1,Fall
1941,2,Monday,23,296,43,October,10,2006,1,Fall
1942,3,Tuesday,24,297,43,October,10,2006,1,Fall
1943,4,Wednesday,25,298,43,October,10,2006,1,Fall
1944,5,Thursday,26,299,43,October,10,2006,1,Fall
1945,6,Friday,27,300,43,October,10,2006,1,Fall
1946,7,Saturday,28,301,43,October,10,2006,1,Fall
1947,1,Sunday,29,302,44,October,10,2006,1,Fall
1948,2,Monday,30,303,44,October,10,2006,1,Fall
1949,3,Tuesday,31,304,44,October,10,2006,1,Fall
1950,4,Wednesday,1,305,44,November,11,2006,1,Fall
1951,5,Thursday,2,306,44,November,11,2006,1,Fall
1952,6,Friday,3,307,44,November,11,2006,1,Fall
1953,7,Saturday,4,308,44,November,11,2006,1,Fall
1954,1,Sunday,5,309,45,November,11,2006,1,Fall
1955,2,Monday,6,310,45,November,11,2006,1,Fall
1956,3,Tuesday,7,311,45,November,11,2006,1,Fall
1957,4,Wednesday,8,312,45,November,11,2006,1,Fall
1958,5,Thursday,9,313,45,November,11,2006,1,Fall
1959,6,Friday,10,314,45,November,11,2006,1,Fall
1960,7,Saturday,11,315,45,November,11,2006,1,Fall
1961,1,Sunday,12,316,46,November,11,2006,1,Fall
1962,2,Monday,13,317,46,November,11,2006,1,Fall
1963,3,Tuesday,14,318,46,November,11,2006,1,Fall
1964,4,Wednesday,15,319,46,November,11,2006,1,Fall
1965,5,Thursday,16,320,46,November,11,2006,1,Fall
1966,6,Friday,17,321,46,November,11,2006,1,Fall
1967,7,Saturday,18,322,46,November,11,2006,1,Fall
1968,1,Sunday,19,323,47,November,11,2006,1,Fall
1969,2,Monday,20,324,47,November,11,2006,1,Fall
1970,3,Tuesday,21,325,47,November,11,2006,1,Fall
1971,4,Wednesday,22,326,47,November,11,2006,1,Fall
1972,5,Thursday,23,327,47,November,11,2006,1,Fall
1973,6,Friday,24,328,47,November,11,2006,1,Fall
1974,7,Saturday,25,329,47,November,11,2006,1,Fall
1975,1,Sunday,26,330,48,November,11,2006,1,Fall
1976,2,Monday,27,331,48,November,11,2006,1,Fall
1977,3,Tuesday,28,332,48,November,11,2006,1,Fall
1978,4,Wednesday,29,333,48,November,11,2006,1,Fall
1979,5,Thursday,30,334,48,November,11,2006,1,Fall
1980,6,Friday,1,335,48,December,12,2006,1,Fall
1981,7,Saturday,2,336,48,December,12,2006,1,Fall
1982,1,Sunday,3,337,49,December,12,2006,1,Fall
1983,2,Monday,4,338,49,December,12,2006,1,Fall
1984,3,Tuesday,5,339,49,December,12,2006,1,Fall
1985,4,Wednesday,6,340,49,December,12,2006,1,Fall
1986,5,Thursday,7,341,49,December,12,2006,1,Fall
1987,6,Friday,8,342,49,December,12,2006,1,Fall
1988,7,Saturday,9,343,49,December,12,2006,1,Fall
1989,1,Sunday,10,344,50,December,12,2006,1,Fall
1990,2,Monday,11,345,50,December,12,2006,1,Fall
1991,3,Tuesday,12,346,50,December,12,2006,1,Fall
1992,4,Wednesday,13,347,50,December,12,2006,1,Fall
1993,5,Thursday,14,348,50,December,12,2006,1,Fall
1994,6,Friday,15,349,50,December,12,2006,1,Fall
1995,7,Saturday,16,350,50,December,12,2006,1,Fall
1996,1,Sunday,17,351,51,December,12,2006,1,Fall
1997,2,Monday,18,352,51,December,12,2006,1,Fall
1998,3,Tuesday,19,353,51,December,12,2006,1,Fall
1999,4,Wednesday,20,354,51,December,12,2006,1,Fall
2000,5,Thursday,21,355,51,December,12,2006,1,Fall
2001,6,Friday,22,356,51,December,12,2006,1,Fall
2002,7,Saturday,23,357,51,December,12,2006,1,Fall
2003,1,Sunday,24,358,52,December,12,2006,1,Fall
2004,2,Monday,25,359,52,December,12,2006,1,Fall
2005,3,Tuesday,26,360,52,December,12,2006,1,Fall
2006,4,Wednesday,27,361,52,December,12,2006,1,Fall
2007,5,Thursday,28,362,52,December,12,2006,1,Fall
2008,6,Friday,29,363,52,December,12,2006,1,Fall
2009,7,Saturday,30,364,52,December,12,2006,1,Fall
2010,1,Sunday,31,365,53,December,12,2006,1,Fall
